County,GDPPC,lag_GDPPC,ii,z_ii,p_ii,p_ii_sim,mean,LISA_cluster,p_perm999,p_BH,LISA_BH
Anxiang,23667,24847.2,-0.0014684677070746306,-0.1291289773779307,0.8972555933222041,0.8,Low-High,Insignificant,0.798,0.9174,Insignificant
Hanshou,20981,22724.8,0.02587817276322796,0.33007786960988067,0.7413411244921418,0.98,Low-Low,Insignificant,0.97,0.972,Insignificant
Jinshi,34592,24143.25,-0.01198764569659463,-0.04361717413710936,0.96520956174365,0.92,High-Low,Insignificant,0.774,0.9174,Insignificant
Li,24473,27737.5,0.0010224677031573886,0.5118651809873487,0.6087453683527309,0.56,High-High,Insignificant,0.58,0.8917333333333333,Insignificant
Linli,25554,27270.25,0.014814880515589803,0.33919986645998385,0.7344591698574023,0.58,High-High,Insignificant,0.606,0.8917333333333333,Insignificant
Shimen,27137,21248.8,-0.038793829003150614,-0.41394267324805356,0.678916090888104,0.86,High-Low,Insignificant,0.748,0.9174,Insignificant
Liuyang,63118,43747,3.368821673034539,2.726241382060662,0.0064060131633011455,0.06,High-High,High-High,0.048,0.25520000000000004,Insignificant
Ningxiang,62202,33582.71428571428,1.5606895997342651,1.829537960522498,0.06731905798353924,0.12,High-High,Insignificant,0.112,0.3580689655172413,Insignificant
Wangcheng,70666,45651.166666666664,4.421958618124941,4.030528368871832,5.5651611356986085e-5,0.02,High-High,High-High,0.004,0.058666666666666666,Insignificant
Anren,12761,32027.625,-0.3993225757761269,-1.3787500231800056,0.16797184043916552,0.28,Low-High,Insignificant,0.176,0.4996129032258064,Insignificant
Guidong,8497,32671,-0.5916013686913142,-1.0194751416039018,0.3079774487686555,0.3,Low-High,Insignificant,0.386,0.7384347826086957,Insignificant
Jiahe,32091,20810,-0.12430831039907643,-0.4068228070187349,0.6841381345501845,0.88,High-Low,Insignificant,0.694,0.9174,Insignificant
Linwu,23986,25711.5,-0.0024620716055078823,-0.12387077306192298,0.9014175944053626,0.8,Low-High,Insignificant,0.746,0.9174,Insignificant
Rucheng,11286,30672.333333333332,-0.36991660620101674,-0.5693222539913982,0.5691374671590184,0.46,Low-High,Insignificant,0.42,0.7863829787234042,Insignificant
Yizhang,17814,33457.75,-0.2684365744688945,-0.8971201611178515,0.3696548016787783,0.3,Low-High,Insignificant,0.246,0.6367058823529412,Insignificant
Yongxing,37651,31689.200000000004,0.4341079855075867,0.9424221806072697,0.3459765356499905,0.34,High-High,Insignificant,0.308,0.7132631578947368,Insignificant
Zixing,65706,20269,-0.7684863440367707,-0.6562278428513969,0.5116775367884867,0.56,High-Low,Insignificant,0.548,0.8768000000000001,Insignificant
Changning,24418,23901.6,-2.9868222348036826e-5,-0.0679065576295914,0.9458600185719611,1,High-Low,Insignificant,0.88,0.950829268292683,Insignificant
Hengdong,27485,25126.166666666664,0.009996390930295694,0.14157432614649743,0.8874162474013872,0.72,High-High,Insignificant,0.798,0.9174,Insignificant
Hengnan,21911,21903.42857142857,0.028064382302494917,0.4047622211983571,0.6856523009229436,0.86,Low-Low,Insignificant,0.804,0.9174,Insignificant
Hengshan,25172,22718.600000000002,-0.005820079094614708,-0.23453328954840005,0.8145709924278769,0.94,High-Low,Insignificant,0.912,0.9618604651162791,Insignificant
Leiyang,26105,25918.800000000003,0.01158071838447556,0.1477030586958861,0.8825771176263761,0.78,High-High,Insignificant,0.674,0.9174,Insignificant
Qidong,18001,20306.999999999996,0.1180600639388815,0.6152629511200937,0.538381080556152,0.6,Low-Low,Insignificant,0.544,0.8768000000000001,Insignificant
Chenxi,17026,20023.800000000003,0.14543648865842487,0.5413588862540041,0.5882602395858443,0.74,Low-Low,Insignificant,0.606,0.8917333333333333,Insignificant
Zhongfang,30846,16576.800000000003,-0.2268458460473911,-1.0822084870438518,0.27915989816051373,0.32,High-Low,Insignificant,0.196,0.5226666666666666,Insignificant
Huitong,14334,18667,0.2599701583130945,0.8273944860475215,0.4080135048470435,0.44,Low-Low,Insignificant,0.44,0.7868235294117648,Insignificant
Jingzhou,20348,14394.666666666664,0.18269968420276705,1.2394406990030862,0.2151823371022183,0.16,Low-Low,Insignificant,0.102,0.3580689655172413,Insignificant
Mayang,13744,19848.800000000003,0.21851826829944332,0.6707486033304975,0.5023806945254174,0.6,Low-Low,Insignificant,0.52,0.8633962264150944,Insignificant
Tongdao,12781,15516.333333333332,0.46482435568736763,1.0965818685171003,0.2728242170996972,0.16,Low-Low,Insignificant,0.182,0.5005,Insignificant
Xinhuang,15412,20518,0.15725393841675397,0.25890104662285623,0.7957115906247153,0.98,Low-Low,Insignificant,0.972,0.972,Insignificant
Xupu,13863,17572,0.32406155137550324,1.5212936754280173,0.1281861566874374,0.1,Low-Low,Insignificant,0.112,0.3580689655172413,Insignificant
Yuanling,24194,15200.125,0.008729849267761674,1.6185100786234803,0.1055527165672279,0.04,Low-Low,Insignificant,0.02,0.12571428571428572,Insignificant
Zhijiang,20518,18413.8,0.10476255481613851,1.0058076120677852,0.3145081248927588,0.28,Low-Low,Insignificant,0.372,0.7313777777777778,Insignificant
Lengshuijiang,64257,14419.333333333332,-1.7903345831597368,-1.1822112630446484,0.23712188470059598,0.06,High-Low,Insignificant,0.118,0.3580689655172413,Insignificant
Shuangfeng,17755,24094.5,0.00928354096733069,0.2165583914622393,0.8285525149864151,0.92,Low-Low,Insignificant,0.94,0.9618604651162791,Insignificant
Xinhua,13398,22019.833333333336,0.11810226057468975,0.47481925509962825,0.6349158074064657,0.84,Low-Low,Insignificant,0.83,0.9174,Insignificant
Chengbu,10132,12923.5,0.7372487106695648,1.5165054115898475,0.12939160299077662,0.04,Low-Low,Insignificant,0.016,0.12571428571428572,Insignificant
Dongan,20901,14756,0.15209925117367695,1.292419472438306,0.19621191680144545,0.08,Low-Low,Insignificant,0.054,0.25520000000000004,Insignificant
Dongkou,13240,13869.800000000001,0.5291750325247305,1.563109204065782,0.11802691110833062,0.04,Low-Low,Insignificant,0.018,0.12571428571428572,Insignificant
Longhui,9572,12296.666666666666,0.8080050794944535,2.0909750300992855,0.03653030238919567,0.02,Low-Low,Low-Low,0.002,0.058666666666666666,Insignificant
Shaodong,25246,15775.166666666664,-0.032658914175159176,-1.5097496876107044,0.13110730743581964,0.04,High-Low,Insignificant,0.058,0.25520000000000004,Insignificant
Suining,16069,14382.85714285714,0.3758488018468057,2.0860260467594856,0.03697626373391033,0.02,Low-Low,Low-Low,0.002,0.058666666666666666,Insignificant
Wugang,12112,11566.333333333332,0.7100317290396846,2.170270788794001,0.029986338174100076,0.02,Low-Low,Low-Low,0.002,0.058666666666666666,Insignificant
Xinning,10732,13199.5,0.6892785149135859,1.5203638758107283,0.12841954828287144,0.06,Low-Low,Insignificant,0.018,0.12571428571428572,Insignificant
Xinshao,11514,23412,0.057578210396067524,0.21235623003427664,0.8318291303720124,0.98,Low-Low,Insignificant,0.926,0.9618604651162791,Insignificant
Shaoshan,55570,39541,2.122265901917426,1.764088979126021,0.07771699967297885,0.12,High-High,Insignificant,0.114,0.3580689655172413,Insignificant
Xiangxiang,29361,36186.600000000006,0.2627077784588989,1.7789346734163418,0.07525047268374824,0.12,High-High,Insignificant,0.1,0.3580689655172413,Insignificant
Baojing,14563,16559.6,0.347370188576312,1.3056381681797005,0.19167563411073263,0.12,Low-Low,Insignificant,0.162,0.47519999999999996,Insignificant
Fenghuang,13382,20772.5,0.18013082300138664,0.48151169044740255,0.6301528730767212,0.78,Low-Low,Insignificant,0.786,0.9174,Insignificant
Guzhang,11580,19471.2,0.284661464123684,0.7931217719365128,0.4277068791392968,0.56,Low-Low,Insignificant,0.456,0.7868235294117648,Insignificant
Huayuan,20337,19827.333333333332,0.08377211271567474,0.4673758720209801,0.640230981967568,0.7,Low-Low,Insignificant,0.76,0.9174,Insignificant
Jishou,31537,15466.8,-0.2867986420628533,-1.3212102554569338,0.18643126774296795,0.06,High-Low,Insignificant,0.066,0.2765714285714286,Insignificant
Longshan,9754,12925.666666666666,0.7566311403130166,1.4870215225756156,0.1370091266323302,0.04,Low-Low,Insignificant,0.042,0.2464,Insignificant
Luxi,17472,18577.166666666664,0.1817670407780025,1.0626303878987526,0.28794960069813824,0.28,Low-Low,Insignificant,0.34,0.7249523809523809,Insignificant
Yongshun,9590,14943,0.6306427113223289,1.3745994755563995,0.16925565130055742,0.12,Low-Low,Insignificant,0.05,0.25520000000000004,Insignificant
Anhua,14567,24912.999999999996,-0.022492640159842994,-0.1057155764401623,0.9158080213946839,0.74,Low-High,Insignificant,0.826,0.9174,Insignificant
Nan,21311,25093,-0.009578927119671772,0.03897768627980708,0.9689081788609654,0.96,Low-High,Insignificant,0.812,0.9174,Insignificant
Yuanjiang,26258,24428.8,2.0004230492713188e-4,-0.05230191061251032,0.958288130953941,0.82,High-High,Insignificant,0.816,0.9174,Insignificant
Jianghua,15801,17003,0.28651126877941585,1.0298032906535897,0.30310235571351485,0.18,Low-Low,Insignificant,0.286,0.6802162162162162,Insignificant
Lanshan,20088,21143.75,0.06333361690996407,0.4442173470401271,0.6568854516742408,0.92,Low-Low,Insignificant,0.798,0.9174,Insignificant
Ningyuan,12697,20435,0.20910202194537852,0.9716568289399162,0.33122130060041977,0.38,Low-Low,Insignificant,0.502,0.8495384615384616,Insignificant
Shuangpai,21942,17131.333333333332,0.08059080955360834,0.7526623923780397,0.45165281449382355,0.42,Low-Low,Insignificant,0.366,0.7313777777777778,Insignificant
Xintian,14426,24569.75,-0.007405020996777023,-0.22443103804040698,0.8224219217347035,0.58,Low-High,Insignificant,0.79,0.9174,Insignificant
Huarong,30413,23835.5,-0.015388758505683466,0.007758948589216926,0.9938093168271748,0.7,High-Low,Insignificant,0.756,0.9174,Insignificant
Linxiang,31897,26360,0.06590402693791497,0.434246682773907,0.6641093166945458,0.38,High-High,Insignificant,0.562,0.8831428571428572,Insignificant
Miluo,42497,47383.40000000001,1.870371877284483,3.2962662782816503,9.79791012664623e-4,0.04,High-High,High-High,0.016,0.12571428571428572,Insignificant
Pingjiang,17252,55157.75,-0.9896382960891656,-3.85559690366674,1.1544758694000235e-4,0.04,Low-High,Low-High,0.004,0.058666666666666666,Insignificant
Xiangyin,33983,37058.00000000001,0.5452517170205015,2.2854463759478953,0.022286667336972953,0.04,High-High,High-High,0.076,0.304,Insignificant
Cili,18714,21546.666666666664,0.07317633854915571,0.38020738199119836,0.703791479957216,0.94,Low-Low,Insignificant,0.934,0.9618604651162791,Insignificant
Chaling,20078,23348.666666666664,0.020559018160661312,0.11826468098141901,0.9058579414550432,0.86,Low-Low,Insignificant,0.886,0.950829268292683,Insignificant
Liling,41491,42323.66666666666,1.3774282828777844,2.0892657609669394,0.03668380668827431,0.1,High-High,High-High,0.098,0.3580689655172413,Insignificant
Yanling,21021,28938.6,-0.06902089354136459,-0.6663995316021694,0.5051557618172852,0.54,Low-High,Insignificant,0.456,0.7868235294117648,Insignificant
You,36264,25880.8,0.07875040683638071,0.2352139696261586,0.8140426639376084,0.76,High-High,Insignificant,0.674,0.9174,Insignificant
Zhuzhou,27589,47345.666666666664,0.3286415051428774,3.1396099534604827,0.0016917291500978208,0.02,High-High,High-High,0.01,0.12571428571428572,Insignificant
Sangzhi,14624,18711.333333333332,0.25053320531329637,0.9988257917867348,0.31787908950778615,0.32,Low-Low,Insignificant,0.346,0.7249523809523809,Insignificant
Yueyang,26360,29087.285714285714,0.04118876913824596,0.7874317726936385,0.4310291534026751,0.46,High-High,Insignificant,0.374,0.7313777777777778,Insignificant
Qiyang,20638,20748.285714285717,0.061966182728301414,0.6912413022159217,0.48941391232369763,0.64,Low-Low,Insignificant,0.608,0.8917333333333333,Insignificant
Taojiang,19509,35933.71428571428,-0.2539368555313173,-2.011250425493745,0.044299011963755956,0.1,Low-High,Low-High,0.058,0.25520000000000004,Insignificant
Shaoyang,9653,15439.714285714284,0.5949949834207519,1.4981994396765608,0.1340814411879599,0.02,Low-Low,Insignificant,0.02,0.12571428571428572,Insignificant
Lianyuan,18346,29787.5,-0.1467236228780473,-0.922698373989097,0.356164413456224,0.28,Low-High,Insignificant,0.334,0.7249523809523809,Insignificant
Hongjiang,17733,18145,0.1878960735611021,1.055455349836683,0.29121712000589506,0.2,Low-Low,Insignificant,0.268,0.6738285714285714,Insignificant
Hengyang,19382,21617.000000000004,0.06299737626484249,0.3321284032150752,0.7397923036376395,0.98,Low-Low,Insignificant,0.834,0.9174,Insignificant
Guiyang,32853,29203.888888888883,0.18240440590866272,0.9943681836987966,0.3200436518351532,0.4,High-High,Insignificant,0.34,0.7249523809523809,Insignificant
Changsha,88656,41363.666666666664,4.902201510418635,4.26798757692245,1.9724430945606948e-5,0.02,High-High,High-High,0.012,0.12571428571428572,Insignificant
Taoyuan,22879,22259.09090909091,0.01472940092770376,0.48772028500930664,0.625747981512949,0.6,Low-Low,Insignificant,0.696,0.9174,Insignificant
Xiangtan,27060,44939.555555555555,0.24530072317757623,4.336499121079308,1.4477000566724235e-5,0.02,High-High,High-High,0.004,0.058666666666666666,Insignificant
Dao,18059,16902,0.21420219780059355,0.9890132385080902,0.32265666457743475,0.26,Low-Low,Insignificant,0.276,0.6746666666666667,Insignificant
Jiangyong,17168,16930,0.24336620160484618,0.6972229711938117,0.48566326528957054,0.52,Low-Low,Insignificant,0.444,0.7868235294117648,Insignificant
