location,tau,p_value,classification,mk_tau,mk_p,hot_years,cold_years,p_bh
Anhua,0.22058826684951782,0.23224878311157227,sporadic coldspot,0.22058826684951782,0.23224878311157227,0,6,0.34640496464098913
Anren,0.14705884456634521,0.4338268041610718,sporadic hotspot,0.14705884456634521,0.4338268041610718,11,0,0.5614229230319753
Anxiang,0.44117653369903564,0.015083670616149902,oscilating hotspot,0.44117653369903564,0.015083670616149902,4,3,0.03904008865356445
Baojing,-0.8235294818878174,4.822107712243451e-6,sporadic coldspot,-0.8235294818878174,4.822107712243451e-6,0,6,3.536212322311864e-5
Chaling,0.11764707416296005,0.5366482734680176,oscilating hotspot,0.11764707416296005,0.5366482734680176,3,3,0.6213822113840204
Changning,-0.4705882966518402,0.009455357678234577,no pattern detected,-0.4705882966518402,0.009455357678234577,2,3,0.0268410153446659
Changsha,0.8676471710205078,1.430511474609375e-6,sporadic hotspot,0.8676471710205078,1.430511474609375e-6,11,0,3.147125244140625e-5
Chengbu,-0.5588235855102539,0.002005293034017086,sporadic coldspot,-0.5588235855102539,0.002005293034017086,0,9,0.007672425521456677
Chenxi,-0.1617647260427475,0.3870139718055725,sporadic coldspot,-0.1617647260427475,0.3870139718055725,0,7,0.5239573772136982
Cili,0.45588240027427673,0.011979460716247559,sporadic coldspot,0.45588240027427673,0.011979460716247559,0,5,0.031945228576660156
Dao,0.27941179275512695,0.12747693061828613,sporadic coldspot,0.27941179275512695,0.12747693061828613,0,6,0.20396308898925783
Dongan,-0.4852941632270813,0.007416919805109501,sporadic coldspot,-0.4852941632270813,0.007416919805109501,0,6,0.022506515270677104
Dongkou,-0.3382353186607361,0.06378662586212158,sporadic coldspot,-0.3382353186607361,0.06378662586212158,0,8,0.11943027820992977
Fenghuang,-0.8088236451148987,7.122434453776805e-6,sporadic coldspot,-0.8088236451148987,7.122434453776805e-6,0,5,4.8213402456335294e-5
Guidong,0.11764707416296005,0.5366482734680176,oscilating hotspot,0.11764707416296005,0.5366482734680176,4,1,0.6213822113840204
Guiyang,-0.044117651879787445,0.8368197083473206,sporadic hotspot,-0.044117651879787445,0.8368197083473206,11,0,0.8980504187141978
Guzhang,-0.6323530077934265,4.628665337804705e-4,sporadic coldspot,-0.6323530077934265,4.628665337804705e-4,0,6,0.001939631189175305
Hanshou,0.4117647409439087,0.023476243019104004,sporadic coldspot,0.4117647409439087,0.023476243019104004,0,6,0.05583538880219331
Hengdong,0.42647063732147217,0.018875598907470703,oscilating hotspot,0.42647063732147217,0.018875598907470703,5,3,0.04614035288492839
Hengnan,-0.35294121503829956,0.05286114662885666,no pattern detected,-0.35294121503829956,0.05286114662885666,1,5,0.10112567181172578
Hengshan,0.5294118523597717,0.0034481287002563477,sporadic coldspot,0.5294118523597717,0.0034481287002563477,0,7,0.012137413024902344
Hengyang,0.36764711141586304,0.04354560375213623,sporadic coldspot,0.36764711141586304,0.04354560375213623,0,5,0.08709120750427246
Hongjiang,-0.1617647260427475,0.3870139718055725,sporadic coldspot,-0.1617647260427475,0.3870139718055725,0,7,0.5239573772136982
Huarong,0.7205883264541626,6.449222564697266e-5,oscilating hotspot,0.7205883264541626,6.449222564697266e-5,1,3,2.987008345754523e-4
Huayuan,-0.8235294818878174,4.822107712243451e-6,sporadic coldspot,-0.8235294818878174,4.822107712243451e-6,0,3,3.536212322311864e-5
Huitong,-0.20588237047195435,0.266051709651947,sporadic coldspot,-0.20588237047195435,0.266051709651947,0,7,0.39020917415618894
Jiahe,-0.11764707416296005,0.5366482734680176,no pattern detected,-0.11764707416296005,0.5366482734680176,1,5,0.6213822113840204
Jianghua,0.3970588743686676,0.02902042865753174,sporadic coldspot,0.3970588743686676,0.02902042865753174,0,7,0.06228774931372666
Jiangyong,0.323529452085495,0.07651364803314209,sporadic coldspot,0.323529452085495,0.07651364803314209,0,5,0.1402750213940938
Jingzhou,-0.1617647260427475,0.3870139718055725,sporadic coldspot,-0.1617647260427475,0.3870139718055725,0,7,0.5239573772136982
Jinshi,0.1617647260427475,0.38701391220092773,sporadic hotspot,0.1617647260427475,0.38701391220092773,6,0,0.5239573772136982
Jishou,-0.7647059559822083,2.207080615335144e-5,sporadic coldspot,-0.7647059559822083,2.207080615335144e-5,0,7,1.1424887891146629e-4
Lanshan,-0.2500000298023224,0.17403356730937958,sporadic coldspot,-0.2500000298023224,0.17403356730937958,0,6,0.26868340216184916
Leiyang,-0.014705884270370007,0.9671423435211182,oscilating coldspot,-0.014705884270370007,0.9671423435211182,4,2,0.9671423435211182
Lengshuijiang,-0.4705882966518402,0.009455357678234577,sporadic hotspot,-0.4705882966518402,0.009455357678234577,4,0,0.0268410153446659
Li,0.13235296308994293,0.48375582695007324,sporadic hotspot,0.13235296308994293,0.48375582695007324,7,0,0.5912571218278674
Lianyuan,0.35294121503829956,0.05286109447479248,oscilating hotspot,0.35294121503829956,0.05286109447479248,6,3,0.10112567181172578
Liling,0.89705890417099,5.9604644775390625e-07,sporadic hotspot,0.89705890417099,5.9604644775390625e-07,8,0,2.6226043701171875e-5
Linli,0.3970588743686676,0.02902042865753174,sporadic hotspot,0.3970588743686676,0.02902042865753174,6,0,0.06228774931372666
Linwu,-0.19117648899555206,0.3030965328216553,no pattern detected,-0.19117648899555206,0.3030965328216553,3,2,0.43725401456238794
Linxiang,0.6911765336990356,1.2767314910888672e-4,oscilating hotspot,0.6911765336990356,1.2767314910888672e-4,2,1,5.617618560791016e-4
Liuyang,0.8382353782653809,3.2186508178710938e-06,sporadic hotspot,0.8382353782653809,3.2186508178710938e-06,11,0,3.536212322311864e-5
Longhui,0.014705884270370007,0.9671423435211182,sporadic coldspot,0.014705884270370007,0.9671423435211182,0,10,0.9671423435211182
Longshan,-0.2500000298023224,0.17403356730937958,sporadic coldspot,-0.2500000298023224,0.17403356730937958,0,9,0.26868340216184916
Luxi,-0.36764711141586304,0.04354557767510414,sporadic coldspot,-0.36764711141586304,0.04354557767510414,0,7,0.08709120750427246
Mayang,0.08823530375957489,0.6504631042480469,sporadic coldspot,0.08823530375957489,0.6504631042480469,0,6,0.7433864048549107
Miluo,0.8382353782653809,3.2186508178710938e-06,sporadic hotspot,0.8382353782653809,3.2186508178710938e-06,11,0,3.536212322311864e-5
Nan,0.2352941483259201,0.20161223411560059,oscilating hotspot,0.2352941483259201,0.20161223411560059,5,3,0.305894424175394
Ningxiang,0.7647059559822083,2.205371856689453e-5,sporadic hotspot,0.7647059559822083,2.205371856689453e-5,11,0,1.1424887891146629e-4
Ningyuan,-0.11764707416296005,0.5366482734680176,sporadic coldspot,-0.11764707416296005,0.5366482734680176,0,8,0.6213822113840204
Pingjiang,0.8823530673980713,9.5367431640625e-7,consecutive hotspot,0.8823530673980713,9.5367431640625e-7,8,0,2.7974446614583332e-5
Qidong,0.14705884456634521,0.4338268041610718,sporadic coldspot,0.14705884456634521,0.4338268041610718,0,6,0.5614229230319753
Qiyang,-0.27941179275512695,0.12747693061828613,sporadic coldspot,-0.27941179275512695,0.12747693061828613,0,7,0.20396308898925783
Rucheng,-0.07352942228317261,0.7108359336853027,oscilating hotspot,-0.07352942228317261,0.7108359336853027,3,1,0.7918172425861599
Sangzhi,0.13235296308994293,0.48375582695007324,sporadic coldspot,0.13235296308994293,0.48375582695007324,0,7,0.5912571218278674
Shaodong,0.42647063732147217,0.018875598907470703,sporadic coldspot,0.42647063732147217,0.018875598907470703,0,8,0.04614035288492839
Shaoshan,0.9117648005485535,3.5762786865234375e-7,sporadic hotspot,0.9117648005485535,3.5762786865234375e-7,10,0,2.6226043701171875e-5
Shaoyang,0.3088235557079315,0.09123897552490234,sporadic coldspot,0.3088235557079315,0.09123897552490234,0,10,0.16058068871498107
Shimen,0.3970588743686676,0.02902042865753174,oscilating coldspot,0.3970588743686676,0.02902042865753174,1,6,0.06228774931372666
Shuangfeng,0.7941177487373352,1.049041748046875e-5,oscilating hotspot,0.7941177487373352,1.049041748046875e-5,2,6,6.593976702008928e-5
Shuangpai,0.029411768540740013,0.90164947509765625,sporadic coldspot,0.029411768540740013,0.90164947509765625,0,6,0.9334723977481618
Suining,-0.3970588743686676,0.029020393267273903,sporadic coldspot,-0.3970588743686676,0.029020393267273903,0,9,0.06228774931372666
Taojiang,0.5147059559822083,0.004479050636291504,sporadic hotspot,0.5147059559822083,0.004479050636291504,10,0,0.01459839940071106
Taoyuan,0.45588240027427673,0.011979460716247559,sporadic coldspot,0.45588240027427673,0.011979460716247559,0,8,0.031945228576660156
Tongdao,-0.5588235855102539,0.002005293034017086,sporadic coldspot,-0.5588235855102539,0.002005293034017086,0,7,0.007672425521456677
Wangcheng,0.7500000596046448,3.170967102050781e-5,sporadic hotspot,0.7500000596046448,3.170967102050781e-5,13,0,1.5502505832248265e-4
Wugang,-0.5000000596046448,0.00578179769217968,sporadic coldspot,-0.5000000596046448,0.00578179769217968,0,10,0.01817136417542185
Xiangtan,0.8235294818878174,4.76837158203125e-6,sporadic hotspot,0.8235294818878174,4.76837158203125e-6,13,0,3.536212322311864e-5
Xiangxiang,0.8235294818878174,4.76837158203125e-6,sporadic hotspot,0.8235294818878174,4.76837158203125e-6,10,0,3.536212322311864e-5
Xiangyin,0.8235294818878174,4.76837158203125e-6,sporadic hotspot,0.8235294818878174,4.76837158203125e-6,11,0,3.536212322311864e-5
Xinhua,-0.3088235557079315,0.09123902767896652,sporadic coldspot,-0.3088235557079315,0.09123902767896652,0,6,0.16058068871498107
Xinhuang,0.014705884270370007,0.9671423435211182,sporadic coldspot,0.014705884270370007,0.9671423435211182,0,5,0.9671423435211182
Xinning,-0.5147059559822083,0.004479054361581802,sporadic coldspot,-0.5147059559822083,0.004479054361581802,0,10,0.01459839940071106
Xinshao,-0.13235296308994293,0.48375576734542847,sporadic coldspot,-0.13235296308994293,0.48375576734542847,0,6,0.5912571218278674
Xintian,0.14705884456634521,0.4338268041610718,sporadic coldspot,0.14705884456634521,0.4338268041610718,0,7,0.5614229230319753
Xupu,-0.058823537081480026,0.773080050945282,sporadic coldspot,-0.058823537081480026,0.773080050945282,0,8,0.8398894380640101
Yanling,0.27941179275512695,0.12747693061828613,sporadic hotspot,0.27941179275512695,0.12747693061828613,7,0,0.20396308898925783
Yizhang,-0.029411768540740013,0.90164947509765625,sporadic hotspot,-0.029411768540740013,0.90164947509765625,8,0,0.9334723977481618
Yongshun,-0.29411768913269043,0.10816133767366409,sporadic coldspot,-0.29411768913269043,0.10816133767366409,0,9,0.18304226375543153
Yongxing,0.29411768913269043,0.1081613302230835,sporadic hotspot,0.29411768913269043,0.1081613302230835,9,0,0.18304226375543153
You,0.3823529779911041,0.03565645217895508,sporadic hotspot,0.3823529779911041,0.03565645217895508,7,0,0.07470875694638207
Yuanjiang,0.5441176891326904,0.0026378631591796875,oscilating hotspot,0.5441176891326904,0.0026378631591796875,1,6,0.0096721649169921875
Yuanling,-0.058823537081480026,0.773080050945282,sporadic coldspot,-0.058823537081480026,0.773080050945282,0,9,0.8398894380640101
Yueyang,0.7794118523597717,1.52587890625e-5,oscilating hotspot,0.7794118523597717,1.52587890625e-5,6,2,8.951822916666666e-5
Zhijiang,0.13235296308994293,0.48375582695007324,sporadic coldspot,0.13235296308994293,0.48375582695007324,0,6,0.5912571218278674
Zhongfang,0.029411768540740013,0.90164947509765625,sporadic coldspot,0.029411768540740013,0.90164947509765625,0,6,0.9334723977481618
Zhuzhou,0.8235294818878174,4.76837158203125e-6,sporadic hotspot,0.8235294818878174,4.76837158203125e-6,10,0,3.536212322311864e-5
Zixing,0.07352942228317261,0.7108359336853027,oscilating hotspot,0.07352942228317261,0.7108359336853027,7,3,0.7918172425861599
