County,GDPPC,gi_star,std_dev,p_value,p_sim,HCSA_cluster,p_perm999,p_BH,HCSA_BH
Anxiang,23667,0.3830633188997023,0.45989312973331553,0.6455929317883362,0.5,Insignificant,0.544,0.9445333333333333,Insignificant
Hanshou,20981,-0.2727812206852035,-0.24311845606098065,0.8079136342049412,0.92,Insignificant,0.892,0.970046511627907,Insignificant
Jinshi,34592,0.36406563352448074,0.018995282232054385,0.9848448689653814,0.8,Insignificant,0.694,0.9631111111111113,Insignificant
Li,24473,0.41149400809490583,0.5985699003537515,0.549459732969053,0.5,Insignificant,0.574,0.9445333333333333,Insignificant
Linli,25554,0.21741244500603954,0.057030169059436066,0.9545211628089856,0.86,Insignificant,0.726,0.9631111111111113,Insignificant
Shimen,27137,-0.0594295037837224,-0.0821195697195275,0.9345516312961385,0.88,Insignificant,0.94,0.970046511627907,Insignificant
Liuyang,63118,4.911782121905684,4.337197042219023,1.4431124444802193e-5,0.04,Hot spot,0.014,0.23466666666666666,Insignificant
Ningxiang,62202,3.5404718187111874,2.667440261363959,0.007643147562155661,0.06,Insignificant,0.022,0.242,Insignificant
Wangcheng,70666,5.805982581937889,5.699179389038808,1.2038549686955545e-8,0.02,Hot spot,0.002,0.176,Insignificant
Anren,12761,-0.19466984131890822,0.09063765254201596,0.9277805126493801,0.8,Insignificant,0.758,0.9631111111111113,Insignificant
Guidong,8497,0.3034493082617981,0.8028886522420896,0.4220390955160512,0.38,Insignificant,0.34,0.8536000000000001,Insignificant
Jiahe,32091,-0.44346811677012093,-0.6083270122538333,0.542970608933683,0.66,Insignificant,0.546,0.9445333333333333,Insignificant
Linwu,23986,0.1476568547258674,0.1092267808615877,0.9130226193293997,0.76,Insignificant,0.718,0.9631111111111113,Insignificant
Rucheng,11286,0.48089782888352234,1.1110892705164395,0.2665299257817001,0.36,Insignificant,0.252,0.7093333333333334,Insignificant
Yizhang,17814,0.1476568547258674,0.22703012766712855,0.8204003152751504,0.72,Insignificant,0.606,0.9445333333333333,Insignificant
Yongxing,37651,1.265901346458311,0.801621965468255,0.42277166761469975,0.46,Insignificant,0.326,0.843764705882353,Insignificant
Zixing,65706,0.6798456605380038,-0.5843283718011564,0.5589994073682822,0.62,Insignificant,0.624,0.9445333333333333,Insignificant
Changning,24418,-0.566186794780585,-0.6794803236886374,0.49683357070826256,0.6,Insignificant,0.64,0.9445333333333333,Insignificant
Hengdong,27485,0.320813790773819,0.2986229539172891,0.7652277494771251,0.68,Insignificant,0.708,0.9631111111111113,Insignificant
Hengnan,21911,-0.3839569202735087,-0.3351714347625282,0.7374957687683524,0.96,Insignificant,0.942,0.970046511627907,Insignificant
Hengshan,25172,0.06121041203769198,-0.03249060733774621,0.9740808063353693,0.9,Insignificant,0.842,0.970046511627907,Insignificant
Leiyang,26105,0.025243294799318083,-0.08553480601100649,0.9318362256569435,0.96,Insignificant,0.888,0.970046511627907,Insignificant
Qidong,18001,-0.4403643273899483,-0.20344548044924274,0.8387868547633222,0.9,Insignificant,0.948,0.970046511627907,Insignificant
Chenxi,17026,-0.8928584046498033,-0.6117365783084622,0.5407120567662874,0.56,Insignificant,0.546,0.9445333333333333,Insignificant
Zhongfang,30846,-0.8848428654774931,-1.1770617774003052,0.23917084963346483,0.18,Insignificant,0.174,0.5889230769230769,Insignificant
Huitong,14334,-1.0141356620883244,-0.7520843628088182,0.45200032705681503,0.58,Insignificant,0.488,0.9335652173913044,Insignificant
Jingzhou,20348,-1.008898279684337,-1.0065113785317508,0.3141696409155919,0.24,Insignificant,0.126,0.48208695652173916,Insignificant
Mayang,13744,-0.6912311134694992,-0.5291975718078502,0.5966684009572184,0.66,Insignificant,0.768,0.9631111111111113,Insignificant
Tongdao,12781,-1.1735257253321083,-0.7906090280919473,0.42917217688998666,0.3,Insignificant,0.26,0.7093333333333334,Insignificant
Xinhuang,15412,-0.6144052155346559,-0.25890104662285646,0.7957115906247151,0.98,Insignificant,0.974,0.974,Insignificant
Xupu,13863,-0.4497448041286518,-0.06532790700250456,0.9479129232226418,0.86,Insignificant,0.788,0.9631111111111113,Insignificant
Yuanling,24194,-0.6218469926197071,-0.9062719830272523,0.3647919109220326,0.28,Insignificant,0.222,0.6512,Insignificant
Zhijiang,20518,-1.2371273476444398,-1.2897280136182427,0.19714510956115816,0.14,Insignificant,0.116,0.48208695652173916,Insignificant
Lengshuijiang,64257,0.337750776104701,-1.0717890461910535,0.2838147941797725,0.2,Insignificant,0.12,0.48208695652173916,Insignificant
Shuangfeng,17755,-0.36650466566808393,-0.10301720319799025,0.9179493174181158,0.92,Insignificant,0.922,0.970046511627907,Insignificant
Xinhua,13398,0.0017801839654289354,0.21891778166017414,0.8267140946608303,0.74,Insignificant,0.644,0.9445333333333333,Insignificant
Chengbu,10132,-1.34116990427709,-0.9489905350140811,0.3426254259987387,0.22,Insignificant,0.198,0.6453333333333333,Insignificant
Dongan,20901,-1.2183071546672428,-1.2743449631964043,0.2025411881135587,0.04,Cold spot,0.066,0.34164705882352947,Insignificant
Dongkou,13240,-1.636829425528043,-1.424040228425376,0.15443482719793178,0.04,Cold spot,0.046,0.3373333333333333,Insignificant
Longhui,9572,-1.8307846078422672,-1.4682700431979303,0.14203088479857687,0.02,Cold spot,0.012,0.23466666666666666,Insignificant
Shaodong,25246,-1.223983091836973,-1.274627175947367,0.20244123387156604,0.08,Insignificant,0.036,0.3168,Insignificant
Suining,16069,-1.7240176083257033,-1.4460143304762025,0.14817318243111557,0.02,Cold spot,0.006,0.176,Insignificant
Wugang,12112,-1.5517993360533204,-1.3119851671091696,0.18952513933246867,0.04,Cold spot,0.056,0.34164705882352947,Insignificant
Xinning,10732,-1.5093064729046493,-1.1822352575829216,0.23711236647008097,0.14,Insignificant,0.082,0.37978947368421057,Insignificant
Xinshao,11514,-0.4952014508635553,-0.19613788310227634,0.8445022456556084,0.92,Insignificant,0.974,0.974,Insignificant
Shaoshan,55570,3.772369658903203,3.77125662157708,1.6242752802238835e-4,0.04,Hot spot,0.02,0.242,Insignificant
Xiangxiang,29361,1.801348444537187,1.7399678245738115,0.08186466786774724,0.14,Insignificant,0.122,0.48208695652173916,Insignificant
Baojing,14563,-0.6690399686017277,-0.5389218792746114,0.5899407596274904,0.82,Insignificant,0.848,0.970046511627907,Insignificant
Fenghuang,13382,-0.7847254030187495,-0.5099432877196264,0.6100911940720706,0.8,Insignificant,0.738,0.9631111111111113,Insignificant
Guzhang,11580,-1.0919608298702326,-0.70666611929345,0.4797739891126082,0.6,Insignificant,0.476,0.9308444444444444,Insignificant
Huayuan,20337,-0.9405216873908985,-1.016020889028976,0.30961943931926816,0.34,Insignificant,0.376,0.8536000000000001,Insignificant
Jishou,31537,-1.2668925405833256,-1.5916899035285665,0.11145439804287895,0.04,Cold spot,0.044,0.3373333333333333,Insignificant
Longshan,9754,-1.4056187715132606,-0.971901557828106,0.3310995247253179,0.04,Cold spot,0.066,0.34164705882352947,Insignificant
Luxi,17472,-1.1758262008055342,-0.9088106931545509,0.36345006115130546,0.32,Insignificant,0.266,0.7093333333333334,Insignificant
Yongshun,9590,-1.7772333610308093,-1.5099435279337456,0.13105783453789788,0.04,Cold spot,0.016,0.23466666666666666,Insignificant
Anhua,14567,-0.9943651801656451,-0.8877132385701747,0.3746950228942794,0.28,Insignificant,0.388,0.8536000000000001,Insignificant
Nan,21311,0.1375394225062229,0.5361959641306105,0.5918231224994532,0.54,Insignificant,0.594,0.9445333333333333,Insignificant
Yuanjiang,26258,0.8183587278560959,0.9557946259076728,0.3391760039748887,0.3,Insignificant,0.386,0.8536000000000001,Insignificant
Jianghua,15801,-0.7897345645597225,-0.5687546891205899,0.5695226281093899,0.66,Insignificant,0.658,0.9492459016393443,Insignificant
Lanshan,20088,-0.6755735361745098,-0.5499889853771934,0.58232692839399,0.66,Insignificant,0.636,0.9445333333333333,Insignificant
Ningyuan,12697,-0.7650977782549606,-0.6193073622109126,0.5357138953306253,0.68,Insignificant,0.762,0.9631111111111113,Insignificant
Shuangpai,21942,-1.0522171508763125,-0.8809506756790627,0.37834451741652314,0.3,Insignificant,0.216,0.6512,Insignificant
Xintian,14426,-0.505194990963693,-0.3462818379095037,0.7291309165250615,0.96,Insignificant,0.926,0.970046511627907,Insignificant
Huarong,30413,0.1838035581964019,0.07531869392469917,0.939961148127169,0.82,Insignificant,0.806,0.970046511627907,Insignificant
Linxiang,31897,0.45067527791369266,0.12330331228339794,0.9018669180273671,0.6,Insignificant,0.562,0.9445333333333333,Insignificant
Miluo,42497,2.6602366319036697,2.2658258560163325,0.023462047639541888,0.12,Insignificant,0.064,0.34164705882352947,Insignificant
Pingjiang,17252,0.5218491972143123,1.5530975324484302,0.12039983553773966,0.12,Insignificant,0.158,0.5793333333333334,Insignificant
Xiangyin,33983,2.58659596486197,2.6097058579546335,0.009062010431225134,0.08,Insignificant,0.026,0.25422222222222224,Insignificant
Cili,18714,-0.07089011602442871,0.28841278776755636,0.7730307802040409,0.42,Insignificant,0.638,0.9445333333333333,Insignificant
Chaling,20078,-0.2558182062395089,-0.17474599418302236,0.8612792256340561,0.94,Insignificant,0.93,0.970046511627907,Insignificant
Liling,41491,0.9669724150387643,0.27198561645293173,0.7856330789976607,0.46,Insignificant,0.472,0.9308444444444444,Insignificant
Yanling,21021,0.5439474640877581,0.8408289171594832,0.4004437847510438,0.4,Insignificant,0.454,0.9291162790697675,Insignificant
You,36264,0.4157834036891874,-0.1389412739186346,0.889496555391921,0.9,Insignificant,0.748,0.9631111111111113,Insignificant
Zhuzhou,27589,0.8222212912001923,0.7904763688593516,0.42924961766473074,0.5,Insignificant,0.426,0.8925714285714286,Insignificant
Sangzhi,14624,-1.1733017561017205,-1.0592844389055855,0.2894702596285305,0.12,Insignificant,0.058,0.34164705882352947,Insignificant
Yueyang,26360,0.6055241745773727,0.6592977997882428,0.509704555004361,0.42,Insignificant,0.352,0.8536000000000001,Insignificant
Qiyang,20638,-0.4951832447178192,-0.477490895892252,0.633012602225657,0.72,Insignificant,0.838,0.970046511627907,Insignificant
Taojiang,19509,1.1548830615057513,1.5601483425588594,0.11872482973458254,0.24,Insignificant,0.174,0.5889230769230769,Insignificant
Shaoyang,9653,-1.6587888968179962,-1.2418236069862378,0.21430165073352545,0.14,Insignificant,0.078,0.37978947368421057,Insignificant
Lianyuan,18346,0.2313459596839672,0.32170880149453496,0.7476733094262766,0.66,Insignificant,0.532,0.9445333333333333,Insignificant
Hongjiang,17733,-0.7786139382858386,-0.6737339908070913,0.5004804476552476,0.62,Insignificant,0.55,0.9445333333333333,Insignificant
Hengyang,19382,-0.47167601065479486,-0.4079457910953148,0.6833134735481617,0.88,Insignificant,0.944,0.970046511627907,Insignificant
Guiyang,32853,0.31143591868492176,0.2660475896478816,0.7902025580643908,0.54,Insignificant,0.78,0.9631111111111113,Insignificant
Changsha,88656,5.7106917420405425,5.126554433163504,2.9509276705046464e-7,0.02,Hot spot,0.006,0.176,Insignificant
Taoyuan,22879,-0.23611488037787692,-0.20104169424226265,0.8406659722838212,0.76,Insignificant,0.94,0.970046511627907,Insignificant
Xiangtan,27060,1.3122133505649936,1.9876002157239727,0.0468559224424228,0.14,Insignificant,0.214,0.6512,Insignificant
Dao,18059,-0.9472402316738718,-0.8022896570718222,0.4223854239311771,0.42,Insignificant,0.368,0.8536000000000001,Insignificant
Jiangyong,17168,-0.8692274458589435,-0.781312709082199,0.43461859706254335,0.38,Insignificant,0.406,0.8714146341463416,Insignificant
