County,GDPPC,gi_star,p_sim,HCSA_cluster
Anxiang,23667,0.2668733868104085,0.64,Insignificant
Hanshou,20981,-0.04300113949632208,1,Insignificant
Jinshi,34592,0.2668733868104085,0.9,Insignificant
Li,24473,0.12123708875053033,0.7,Insignificant
Linli,25554,0.16243458385388382,0.7,Insignificant
Shimen,27137,-0.07516040863312441,0.9,Insignificant
Liuyang,63118,4.7407426924283005,0.04,Hot spot
Ningxiang,62202,2.9395346077277833,0.1,Insignificant
Wangcheng,70666,5.512276138671908,0.02,Hot spot
Anren,12761,0.13024904080438773,0.6,Insignificant
Guidong,8497,0.1620142012507875,0.6,Insignificant
Jiahe,32091,-0.44346811677012093,0.64,Insignificant
Linwu,23986,-0.44346811677012093,0.66,Insignificant
Rucheng,11286,0.6304255167498879,0.32,Insignificant
Yizhang,17814,-0.44346811677012093,0.96,Insignificant
Yongxing,37651,0.8870165481142701,0.42,Insignificant
Zixing,65706,0.4976634359098069,0.7,Insignificant
Changning,24418,-0.3279417226569537,0.94,Insignificant
Hengdong,27485,-0.007084700844355591,0.92,Insignificant
Hengnan,21911,-0.046075187281458756,0.96,Insignificant
Hengshan,25172,0.36860597675950535,0.52,Insignificant
Leiyang,26105,1.3287072944041156,0.22,Insignificant
Qidong,18001,-0.8563889286606227,0.72,Insignificant
Chenxi,17026,-0.8660840024445117,0.42,Insignificant
Zhongfang,30846,-1.1524696508032837,0.06,Insignificant
Huitong,14334,-1.4788967421068975,0.16,Insignificant
Jingzhou,20348,-1.6821780046162387,0.06,Insignificant
Mayang,13744,-0.6912311134694992,0.84,Insignificant
Tongdao,12781,-1.7688819165046745,0.04,Cold spot
Xinhuang,15412,-1.454593372865441,0.16,Insignificant
Xupu,13863,-1.4560121641508887,0.16,Insignificant
Yuanling,24194,-1.0665802302083456,0.22,Insignificant
Zhijiang,20518,-1.1787698374094422,0.28,Insignificant
Lengshuijiang,64257,-0.2823302102210996,0.06,Insignificant
Shuangfeng,17755,0.16658586205945056,0.64,Insignificant
Xinhua,13398,-0.6651673920775827,0.98,Insignificant
Chengbu,10132,-1.9528255792716254,0.04,Cold spot
Dongan,20901,-1.4937940506040923,0.06,Insignificant
Dongkou,13240,-1.590350679752577,0.1,Insignificant
Longhui,9572,-0.9622202489899015,0.6,Insignificant
Shaodong,25246,-0.15926320316490764,0.78,Insignificant
Suining,16069,-1.7568221905783734,0.06,Insignificant
Wugang,12112,-2.3468817218482183,0.02,Cold spot
Xinning,10732,-2.0492245649439496,0.02,Cold spot
Xinshao,11514,-0.4952014508635553,0.88,Insignificant
Shaoshan,55570,3.136299939889146,0.08,Insignificant
Xiangxiang,29361,2.8934501648634448,0.02,Hot spot
Baojing,14563,-1.578816432080146,0.08,Insignificant
Fenghuang,13382,-1.1238048120547122,0.42,Insignificant
Guzhang,11580,-1.0919608298702326,0.48,Insignificant
Huayuan,20337,-1.2668925405833256,0.24,Insignificant
Jishou,31537,-1.2668925405833256,0.04,Cold spot
Longshan,9754,-1.5461842325148618,0.16,Insignificant
Luxi,17472,-1.2021798936193204,0.36,Insignificant
Yongshun,9590,-1.444845751256166,0.2,Insignificant
Anhua,14567,0.16595528815480712,0.4,Insignificant
Nan,21311,0.33494909459917666,0.66,Insignificant
Yuanjiang,26258,0.6336834819238779,0.36,Insignificant
Jianghua,15801,-0.8130106988037112,0.54,Insignificant
Lanshan,20088,-0.8914908760190924,0.44,Insignificant
Ningyuan,12697,-0.7237056695586229,0.86,Insignificant
Shuangpai,21942,-0.790310038236557,0.44,Insignificant
Xintian,14426,-0.323659074887919,0.88,Insignificant
Huarong,30413,0.4266975977247582,0.86,Insignificant
Linxiang,31897,0.8638692310313273,0.44,Insignificant
Miluo,42497,3.542731095344361,0.02,Hot spot
Pingjiang,17252,3.492574196012534,0.02,Hot spot
Xiangyin,33983,3.6493769069671353,0.02,Hot spot
Cili,18714,-0.07516040863312441,0.78,Insignificant
Chaling,20078,0.16650704032137004,0.62,Insignificant
Liling,41491,3.7001381062909107,0.02,Hot spot
Yanling,21021,0.1620142012507875,0.82,Insignificant
You,36264,0.3764618766548515,0.68,Insignificant
Zhuzhou,27589,1.8338495398486805,0.18,Insignificant
Sangzhi,14624,-1.4513879555168394,0.12,Insignificant
Yueyang,26360,1.1004920887486769,0.32,Insignificant
Qiyang,20638,-0.993433657269737,0.32,Insignificant
Taojiang,19509,3.1091327141641005,0.02,Hot spot
Shaoyang,9653,-1.8681710325732794,0.02,Cold spot
Lianyuan,18346,0.2376042480698874,0.64,Insignificant
Hongjiang,17733,-1.1652387723723079,0.16,Insignificant
Hengyang,19382,-0.41727302581473646,0.8,Insignificant
Guiyang,32853,1.1073758538743639,0.4,Insignificant
Changsha,88656,5.536343042699122,0.02,Hot spot
Taoyuan,22879,-0.24573064983910084,0.96,Insignificant
Xiangtan,27060,2.7870145445422176,0.02,Hot spot
Dao,18059,-1.3308432440792195,0.14,Insignificant
Jiangyong,17168,-1.3308432440792195,0.14,Insignificant
