simulation,close_pairs
1,1702
2,1638
3,1652
4,1591
5,1591
6,1590
7,1617
8,1650
9,1610
10,1563
11,1555
12,1576
13,1664
14,1673
15,1583
16,1592
17,1544
18,1592
19,1671
20,1623
21,1561
22,1653
23,1631
24,1656
25,1617
26,1687
27,1679
28,1634
29,1587
30,1644
31,1604
32,1687
33,1644
34,1593
35,1649
36,1594
37,1588
38,1637
39,1643
40,1642
41,1619
42,1546
43,1671
44,1574
45,1625
46,1640
47,1714
48,1611
49,1622
50,1658
51,1613
52,1648
53,1590
54,1655
55,1719
56,1611
57,1638
58,1610
59,1657
60,1640
61,1625
62,1663
63,1597
64,1647
65,1681
66,1541
67,1595
68,1687
69,1693
70,1599
71,1600
72,1677
73,1634
74,1629
75,1680
76,1643
77,1691
78,1572
79,1629
80,1556
81,1624
82,1543
83,1582
84,1607
85,1606
86,1651
87,1554
88,1660
89,1655
90,1595
91,1603
92,1562
93,1612
94,1648
95,1590
96,1613
97,1593
98,1579
99,1596
100,1565
101,1600
102,1705
103,1544
104,1588
105,1661
106,1578
107,1648
108,1653
109,1668
110,1614
111,1594
112,1580
113,1562
114,1689
115,1595
116,1588
117,1721
118,1559
119,1650
120,1630
121,1539
122,1625
123,1606
124,1576
125,1630
126,1700
127,1661
128,1583
129,1609
130,1596
131,1619
132,1567
133,1596
134,1631
135,1659
136,1652
137,1565
138,1626
139,1614
140,1633
141,1735
142,1624
143,1699
144,1668
145,1557
146,1632
147,1595
148,1664
149,1683
150,1634
151,1669
152,1712
153,1644
154,1610
155,1629
156,1673
157,1594
158,1607
159,1697
160,1645
161,1548
162,1617
163,1669
164,1730
165,1628
166,1630
167,1661
168,1666
169,1601
170,1620
171,1572
172,1589
173,1579
174,1617
175,1642
176,1577
177,1614
178,1666
179,1645
180,1683
181,1525
182,1715
183,1639
184,1676
185,1578
186,1667
187,1625
188,1604
189,1684
190,1633
191,1660
192,1563
193,1599
194,1712
195,1624
196,1617
197,1535
198,1635
199,1643
