distance_metres,lag_days,Khat,Ktheo,excess,ratio
1000,1,412123331.0935133,3141592.653589793,408981738.4399235,131.18293061406092
1000,2,464411770.316283,6283185.307179586,458128585.0091034,73.9134288758944
1000,3,464411770.316283,9424777.96076938,454986992.35551363,49.27561925059626
1000,4,429722237.12072426,12566370.614359172,417155866.50636506,34.196209097135416
1000,5,461553513.9444816,15707963.267948965,445845550.6765326,29.383409298279318
1000,6,465159400.77217287,18849555.92153876,446309844.8506341,24.67747265285177
1000,7,465159400.77217287,21991148.57512855,443168252.1970443,21.152119416730088
1000,8,465159400.77217287,25132741.228718344,440026659.5434545,18.50810448963883
1000,9,467376308.4854129,28274333.882308137,439101974.60310477,16.53005550655467
1000,10,467376308.4854129,31415926.53589793,435960381.949515,14.877049955899203
1000,11,494111230.69575214,34557519.189487725,459553711.50626445,14.298226327717964
1000,12,562264503.8951662,37699111.84307752,524565392.0520886,14.914529186671322
1000,13,562264503.8951662,40840704.49666731,521423799.39849883,13.767257710773528
1000,14,635693239.6644093,43982297.1502571,591710942.5141522,14.45338876895595
1000,15,670055036.403026,47123889.803846896,622931146.599179,14.219009491621529
1000,16,651209028.940657,50265482.45743669,600943546.4832203,12.955391992747337
1000,17,651209028.940657,53407075.11102648,597801953.8296305,12.193310110821024
1000,18,697285139.478911,56548667.76461627,640736471.7142948,12.330708521398932
1000,19,700589808.386394,59690260.418206066,640899547.9681879,11.73708748257878
1000,20,700589808.386394,62831853.07179586,637757955.3145982,11.150233108449841
1000,21,697661237.1808954,65973445.72538565,631687791.4555098,10.57487947628064
1000,22,697661237.1808954,69115038.37897545,628546198.8019199,10.094203136449702
1000,23,636795757.206825,72256631.03256524,564539126.1742598,8.812973260818492
1000,24,636795757.206825,75398223.68615504,561397533.5206699,8.44576604161772
1000,25,504274438.1026823,78539816.33974482,425734621.7629375,6.420621559914393
2000,1,1438682008.659688,12566370.614359172,1426115638.0453289,114.48667660778317
2000,2,1554430438.8592756,25132741.228718344,1529297697.6305573,61.84882200923948
2000,3,1554430438.8592756,37699111.84307752,1516731327.0161982,41.232548006159654
2000,4,1559732564.3641102,50265482.45743669,1509467081.9066734,31.029893439993245
2000,5,1639310756.4235036,62831853.07179586,1576478903.3517077,26.090441014851464
2000,6,1636077892.371091,75398223.68615504,1560679668.6849358,21.69915698785242
2000,7,1732317768.3929198,87964594.3005142,1644353174.0924056,19.693352560403877
2000,8,1732317768.3929198,100530964.91487338,1631786803.4780464,17.231683490353394
2000,9,1786045178.8549705,113097335.52923255,1672947843.325738,15.79210660001205
2000,10,1819429200.889643,125663706.14359172,1693765494.7460513,14.478557546366188
2000,11,1840138376.3841803,138230076.7579509,1701908299.6262293,13.312141753392586
2000,12,1959406604.483155,150796447.37231007,1808610157.1108449,12.993718609600018
2000,13,1959406604.483155,163362817.98666924,1796043786.4964857,11.99420179347694
2000,14,2130431397.794237,175929188.6010284,1954502209.1932085,12.109595995611743
2000,15,2164793194.5328536,188495559.21538758,1976297635.317466,11.484584589386621
2000,16,2206875042.521116,201061929.82974675,2005813112.691369,10.976095993855385
2000,17,2261142461.599504,213628300.44410592,2047514161.1553981,10.584470582309919
2000,18,2208069608.349885,226194671.0584651,1981874937.29142,9.761810912774155
2000,19,2237995221.2343144,238761041.67282426,1999234179.56149,9.373368475670555
2000,20,2237995221.2343144,251327412.28718343,1986667808.947131,8.904700051887026
2000,21,2312248671.7995396,263893782.9015426,2048354888.897997,8.762042994632532
2000,22,2312248671.7995396,276460153.5159018,2035788518.2836378,8.363768313058324
2000,23,2239764387.417108,289026524.13026094,1950737863.286847,7.749338556926602
2000,24,2261722861.8035502,301592894.74462014,1960129967.0589302,7.499257778332973
2000,25,2089136957.8539693,314159265.3589793,1774977692.49499,6.649929472768478
3000,1,1614663496.2424607,28274333.882308137,1586389162.3601525,57.10703930156214
3000,2,1902068580.7440739,56548667.76461627,1845519912.9794576,33.63595741391169
3000,3,1977741676.7005486,84823001.6469244,1892918675.0536242,23.31610103746263
3000,4,2042767679.97217,113097335.52923255,1929670344.4429376,18.06203188088521
3000,5,2154177148.855321,141371669.4115407,2012805479.4437802,15.237686290485776
3000,6,2154966678.4937816,169646003.2938488,1985320675.1999328,12.70272589187439
3000,7,2411606347.8853254,197920337.17615697,2213686010.7091684,12.184732414531508
3000,8,2443686306.5592685,226194671.0584651,2217491635.5008035,10.80346541819123
3000,9,2593099181.3413286,254469004.94077322,2338630176.4005556,10.190235867605422
3000,10,2676559236.428009,282743338.8230814,2393815897.6049275,9.466391843461926
3000,11,2715051192.7428446,311017672.7053895,2404033520.037455,8.729572082274142
3000,12,2868396057.441527,339292006.5876976,2529104050.8538294,8.454063171983764
3000,13,2868396057.441527,367566340.47000575,2500829716.9715214,7.803750620292705
3000,14,3229766057.741406,395840674.35231394,2833925383.389092,8.15925766857093
3000,15,3264127854.4800224,424115008.23462206,2840012846.2454004,7.6963271544361245
3000,16,3346235170.3497877,452389342.1169302,2893845828.2328577,7.396803723737767
3000,17,3454770008.506564,480663675.9992383,2974106332.5073256,7.1874996614307065
3000,18,3292461617.9973173,508938009.88154644,2783523608.115771,6.469278289439663
3000,19,3366448185.527135,537212343.7638546,2829235841.7632804,6.266513092273515
3000,20,3366448185.527135,565486677.6461627,2800961507.880972,5.953187437659839
3000,21,3468091271.1480103,593761011.5284709,2874330259.6195393,5.840887501556197
3000,22,3468091271.1480103,622035345.410779,2846055925.7372313,5.5753926151218245
3000,23,3191658029.4509077,650309679.2930871,2541348350.1578207,4.907904850686474
3000,24,3213616503.83735,678584013.1753953,2535032490.661955,4.73576807210564
3000,25,2962005192.2894535,706858347.0577034,2255146845.23175,4.190380158370902
4000,1,1761314735.8947716,50265482.45743669,1711049253.4373348,35.04024331978113
4000,2,2365162453.47061,100530964.91487338,2264631488.5557365,23.526705980325158
4000,3,2489385108.0442286,150796447.37231007,2338588660.6719184,16.508247716857955
4000,4,2572208412.1785555,201061929.82974675,2371146482.348809,12.79311510814914
4000,5,2763196073.1210995,251327412.28718343,2511868660.833916,10.994407844233432
4000,6,2816863501.116301,301592894.74462014,2515270606.3716807,9.339953129537541
4000,7,3201823005.2036166,351858377.2020568,2849964628.0015597,9.099749253276839
4000,8,3314102860.562417,402123859.6594935,2911979000.9029236,8.241497690210922
4000,9,3482206511.075237,452389342.1169302,3029817168.958307,7.697366376450094
4000,10,3632434610.231262,502654824.57436687,3129779785.656895,7.226499045954845
4000,11,3690758005.8366218,552920307.0318036,3137837698.804818,6.675027049828235
4000,12,3895217825.434864,603185789.4892403,3292032035.945624,6.45774136810023
4000,13,3895217825.434864,653451271.946677,3241766553.488187,5.960992032092521
4000,14,4333904069.990163,703716754.4041137,3630187315.586049,6.158591568080518
4000,15,4402627663.467397,753982236.8615503,3648645426.6058464,5.839166293616314
4000,16,4490652572.187622,804247719.318987,3686404852.868635,5.5836683950937065
4000,17,4671543969.115582,854513201.7764237,3817030767.339159,5.466906724675569
4000,18,4479113885.906086,904778684.2338604,3574335201.6722255,4.9505077473159815
4000,19,4578185225.844309,955044166.691297,3623141059.153012,4.793689533443468
4000,20,4578185225.844309,1005309649.1487337,3572875576.695575,4.554005056771294
4000,21,4772153026.383347,1055575131.6061704,3716577894.777176,4.52090323416582
4000,22,4772153026.383347,1105840614.0636072,3666312412.3197393,4.3154076326128274
4000,23,4383244327.979283,1156106096.5210438,3227138231.4582396,3.79138587813813
4000,24,4405202802.3657255,1206371578.9784806,3198831223.387245,3.651613548535286
4000,25,3952915055.3968506,1256637061.4359171,2696277993.9609337,3.1456298534439107
5000,1,1928973365.5044787,78539816.33974482,1850433549.164734,24.560451697011775
5000,2,2696376428.4877076,157079632.67948964,2539296795.808218,17.165665481211565
5000,3,2880326133.3924494,235619449.01923448,2644706684.3732147,12.224483782564647
5000,4,3004824755.90346,314159265.3589793,2690665490.544481,9.56465426053867
5000,5,3418631354.6123056,392699081.6987241,3025932272.9135814,8.705473259127851
5000,6,3493459350.081129,471238898.03846896,3022220452.04266,7.413350987413491
5000,7,4123934934.99574,549778714.3782138,3574156220.617526,7.501081484502013
5000,8,4300374707.702426,628318530.7179586,3672056176.9844675,6.8442589187820575
5000,9,4682255917.003608,706858347.0577034,3975397569.9459043,6.62403710233244
5000,10,5001024943.247986,785398163.3974482,4215626779.850538,6.36750272195026
5000,11,5087742329.164895,863937979.737193,4223804349.427702,5.889013388105208
5000,12,5309240467.062984,942477796.0769379,4366762670.986047,5.633279095977314
5000,13,5309240467.062984,1021017612.4166827,4288222854.6463017,5.1999499347482905
5000,14,5794121333.80984,1099557428.7564275,4694563905.053412,5.269503149428811
5000,15,5880025825.65638,1178097245.0961723,4701928580.560207,4.9911209368598195
5000,16,6100418496.830626,1256637061.4359171,4843781435.394709,4.85455879349912
5000,17,6516468709.764926,1335176877.775662,5181291831.989264,4.880603325471782
5000,18,6239635647.007049,1413716694.1154068,4825918952.891642,4.4136393613936376
5000,19,6463815660.038579,1492256510.4551516,4971559149.583427,4.33157142538923
5000,20,6463815660.038579,1570796326.7948964,4893019333.243683,4.114992854119769
5000,21,6747622332.625537,1649336143.1346412,5098286189.490896,4.091114088969979
5000,22,6747622332.625537,1727875959.474386,5019746373.151151,3.905154357653162
5000,23,6335213012.112321,1806415775.8141308,4528797236.29819,3.5070624918879005
5000,24,6379129960.885204,1884955592.1538758,4494174368.731329,3.3842335530016308
5000,25,5577021778.793999,1963495408.4936206,3613526370.300378,2.8403538682439033
6000,1,2213647624.536287,113097335.52923255,2100550289.0070543,19.572942317143447
6000,2,3235560981.445069,226194671.0584651,3009366310.386604,14.304320107562416
6000,3,3449374211.515372,339292006.5876976,3110082204.9276743,10.16638808030334
6000,4,3659115165.262366,452389342.1169302,3206725823.145436,8.08842035963921
6000,5,4277224473.787719,565486677.6461627,3711737796.141556,7.563793530188294
6000,6,4390840186.674043,678584013.1753953,3712256173.4986477,6.470591852182541
6000,7,5123503762.494091,791681348.7046279,4331822413.789463,6.471674204371895
6000,8,5315983514.537743,904778684.2338604,4411204830.303883,5.875451762039641
6000,9,5836862749.6569,1017876019.7630929,4818986729.893807,5.734355300968197
6000,10,6205707808.953285,1130973355.2923255,5074734453.660959,5.487050406549392
6000,11,6269087694.034156,1244070690.821558,5025017003.212598,5.039173207990442
6000,12,6609854060.031216,1357168026.3507905,5252686033.680426,4.870328457268526
6000,13,6609854060.031216,1470265361.880023,5139588698.151193,4.495687806709409
6000,14,7178816341.992409,1583362697.4092557,5595453644.583153,4.5339051840355955
6000,15,7299082630.577564,1696460032.9384882,5602622597.639076,4.30253733589857
6000,16,7589780982.147509,1809557368.4677207,5780223613.679788,4.194274862130682
6000,17,8132455172.931372,1922654703.9969532,6209800468.934419,4.229805360278701
6000,18,7795639490.1504555,2035752039.5261858,5759887450.6242695,3.829365924135271
6000,19,8247068999.630417,2148849375.0554185,6098219624.574999,3.837899992137758
6000,20,8247068999.630417,2261946710.584651,5985122289.045766,3.6460049925308704
6000,21,8494425807.445049,2375044046.1138835,6119381761.331165,3.576534010535037
6000,22,8494425807.445049,2488141381.643116,6006284425.801933,3.4139642827834447
6000,23,8039914449.065124,2601238717.1723485,5438675731.892775,3.090802238175524
6000,24,8083831397.838006,2714336052.701581,5369495345.136425,2.978198440017094
6000,25,6857749717.795547,2827433388.2308135,4030316329.564733,2.425432813498248
7000,1,2435616492.25663,153938040.02589986,2281678452.23073,15.822057315052477
7000,2,3864723236.495406,307876080.0517997,3556847156.4436064,12.552853199394939
7000,3,4174860906.70945,461814120.07769954,3713046786.63175,9.040132653386681
7000,4,4416489608.937199,615752160.1035994,3800737448.833599,7.172511758942316
7000,5,5209670939.993197,769690200.1294993,4439980739.863698,6.768529648833618
7000,6,5330571390.8967495,923628240.1553991,4406943150.74135,5.771338682758215
7000,7,6223634760.086502,1077566280.181299,5146068479.905203,5.775639860444951
7000,8,6416114512.130154,1231504320.2071989,5184610191.922955,5.209981326781421
7000,9,7031790552.5611725,1385442360.2330987,5646348192.3280735,5.075484014634924
7000,10,7450711644.909564,1539380400.2589986,5911331244.650565,4.840071787100831
7000,11,7607340947.393093,1693318440.2848985,5914022507.108194,4.492563694111291
7000,12,8084413859.788979,1847256480.3107982,6237157379.47818,4.376443631925323
7000,13,8084413859.788979,2001194520.336698,6083219339.45228,4.039794121777221
7000,14,8892941273.683056,2155132560.362598,6737808713.320457,4.126401056363248
7000,15,9030388460.637518,2309070600.388498,6721317860.24902,3.91083254843666
7000,16,9354263332.607998,2463008640.4143977,6891254692.1936,3.7979011437954826
7000,17,10023561501.241432,2616946680.4402976,7406614820.801134,3.83025056496565
7000,18,9626860194.979406,2770884720.4661975,6855975474.513208,3.4742911258176417
7000,19,10223194271.647432,2924822760.4920974,7298371511.155334,3.4953209506368155
7000,20,10223194271.647432,3078760800.5179973,7144433471.129435,3.3205549031049744
7000,21,10458715750.47804,3232698840.543897,7226016909.934143,3.2352892324230167
7000,22,10458715750.47804,3386636880.569797,7072078869.908243,3.088230630949243
7000,23,9918324486.66596,3540574920.595697,6377749566.070263,2.801331622435267
7000,24,9962241435.438845,3694512960.6215963,6267728474.817248,2.6964965454506653
7000,25,8527708324.036036,3848451000.647496,4679257323.388539,2.2158807069652857
8000,1,2631952848.104584,201061929.82974675,2430890918.2748375,13.090259555019905
8000,2,4427325502.554539,402123859.6594935,4025201642.8950453,11.009855287630696
8000,3,4772940736.241891,603185789.4892403,4169754946.7526507,7.912886575599658
8000,4,5104182027.085443,804247719.318987,4299934307.766456,6.346529687902021
8000,5,6088351019.08398,1005309649.1487337,5083041369.9352455,6.056194749786211
8000,6,6232400040.321724,1206371578.9784806,5026028461.343244,5.166235800746511
8000,7,7303043101.611264,1407433508.8082273,5895609592.803037,5.1889080769401765
8000,8,7495522853.654916,1608495438.637974,5887027415.016942,4.65995903600566
8000,9,8171769292.970135,1809557368.4677207,6362211924.502414,4.515894016606804
8000,10,8757610495.491882,2010619298.2974675,6746991197.194415,4.355678125096863
8000,11,8990483041.325205,2211681228.1272144,6778801813.19799,4.064999479576032
8000,12,9552747545.220354,2412743157.956961,7140004387.263393,3.959289041486428
8000,13,9552747545.220354,2613805087.786708,6938942457.433646,3.654728345987472
8000,14,10551043235.334692,2814867017.6164546,7736176217.718237,3.748327423392456
8000,15,10740033117.39708,3015928947.4462013,7724104169.950878,3.561102832509174
8000,16,11081630615.600256,3216990877.275948,7864639738.324308,3.4447193163891874
8000,17,11859463622.390461,3418052807.105695,8441410815.284766,3.46965488588595
8000,18,11437708797.897865,3619114736.9354415,7818594060.962423,3.1603609250540026
8000,19,12101007579.465,3820176666.765188,8280830912.699812,3.1676565339874116
8000,20,12101007579.465,4021238596.594935,8079768982.870066,3.0092737072880413
8000,21,12342240694.793468,4222300526.4246817,8119940168.368787,2.9231080586403713
8000,22,12342240694.793468,4423362456.254429,7918878238.53904,2.790239510520354
8000,23,11822863822.42377,4624424386.084175,7198439436.339596,2.5566130690775593
8000,24,11866780771.196653,4825486315.913922,7041294455.282731,2.459188565525783
8000,25,10243736297.516506,5026548245.743669,5217188051.772838,2.037926584349528
9000,1,2843999325.2720256,254469004.94077325,2589530320.331252,11.176211130050815
9000,2,4797492108.430965,508938009.8815465,4288554098.549419,9.426476339520336
9000,3,5262561442.780559,763407014.8223197,4499154427.958239,6.893519892537798
9000,4,5662952968.488162,1017876019.763093,4645076948.725069,5.563499737233415
9000,5,6796180554.658847,1272345024.7038662,5523835529.954981,5.341460392192467
9000,6,6945759494.143271,1526814029.6446395,5418945464.498632,4.5491850083142555
9000,7,8259529516.609556,1781283034.5854127,6478246482.024143,4.6368428577842105
9000,8,8500129206.664122,2035752039.526186,6464377167.137936,4.175424630124647
9000,9,9317365368.709745,2290221044.466959,7027144324.242786,4.068325802533323
9000,10,10036742659.370182,2544690049.4077325,7492052609.96245,3.9441906340248387
9000,11,10321317047.230923,2799159054.348506,7522157992.882417,3.6872920926721586
9000,12,11044188210.322042,3053628059.289279,7990560151.0327635,3.616743098991741
9000,13,11044188210.322042,3308097064.230052,7736091146.09199,3.338532091376992
9000,14,12247696618.379013,3562566069.1708255,8685130549.208187,3.437886169849931
9000,15,12522590992.28794,3817035074.111599,8705555918.17634,3.2807115337294945
9000,16,12933807235.173874,4071504079.052372,8862303156.121502,3.176665670487102
9000,17,13874442499.19924,4325973083.993145,9548469415.206095,3.2072419845923448
9000,18,13265983396.770954,4580442088.933918,8685541307.837036,2.8962233642950754
9000,19,14019514734.09019,4834911093.874692,9184603640.2155,2.899642715633674
9000,20,14019514734.09019,5089380098.815465,8930134635.274727,2.7546605798519908
9000,21,14311725711.816668,5343849103.756238,8967876608.060429,2.6781680084785386
9000,22,14311725711.816668,5598318108.697012,8713407603.119656,2.5564330990022412
9000,23,13708777033.704596,5852787113.637785,7855989920.066811,2.3422647650657398
9000,24,13752693982.47748,6107256118.578558,7645437863.898922,2.251861345824542
9000,25,11791600327.458672,6361725123.519331,5429875203.939341,1.853522448473145
10000,1,3031830836.2003846,314159265.3589793,2717671570.8414054,9.650617283994514
10000,2,5075200259.8209915,628318530.7179586,4446881729.103033,8.077432085317824
10000,3,5740505274.0418415,942477796.0769379,4798027477.964904,6.090865268059029
10000,4,6267883053.210797,1256637061.4359171,5011245991.77488,4.987822853202099
10000,5,7700902996.749124,1570796326.7948964,6130106669.954227,4.9025471128152525
10000,6,7875494970.626154,1884955592.1538758,5990539378.472279,4.178079846235045
10000,7,9516464402.332142,2199114857.512855,7317349544.819286,4.327406715397771
10000,8,9837524696.645937,2513274122.8718343,7324250573.774103,3.914226708149498
10000,9,10763736865.245058,2827433388.2308135,7936303477.014244,3.8068931738760297
10000,10,11583266222.009506,3141592653.5897927,8441673568.419714,3.6870681527643936
10000,11,12272582648.345104,3455751918.948772,8816830729.396332,3.551349441796268
10000,12,13137614613.15535,3769911184.3077517,9367703428.847599,3.4848605101999874
10000,13,13184205819.547981,4084070449.666731,9100135369.88125,3.2282023491107608
10000,14,14543069511.707747,4398229715.02571,10144839796.682037,3.306573429310464
10000,15,14886687479.093904,4712388980.384689,10174298498.709215,3.1590531980826952
10000,16,15637872514.33828,5026548245.743669,10611324268.594612,3.111055887622279
10000,17,16813666594.369987,5340707511.102648,11472959083.26734,3.148209588227126
10000,18,16101730804.877352,5654866776.461627,10446864028.415726,2.847411166590304
10000,19,16966005843.426111,5969026041.820606,10996979801.605505,2.84234073106026
10000,20,16966005843.426111,6283185307.179585,10682820536.246525,2.700223694507247
10000,21,17259624538.817352,6597344572.538565,10662279966.278788,2.6161472012028155
10000,22,17259624538.817352,6911503837.897544,10348120700.919807,2.4972314193299603
10000,23,16846402620.928223,7225663103.256523,9620739517.6717,2.3314680438582505
10000,24,16890319569.701107,7539822368.615503,9350497201.085604,2.2401482082664215
10000,25,14585595835.945036,7853981633.974483,6731614201.970553,1.8570957401849744
11000,1,3377181000.8942595,380132711.08436495,2997048289.8098946,8.884215702617455
11000,2,5733936978.642666,760265422.1687299,4973671556.473936,7.542019946515602
11000,3,6803966568.715201,1140398133.253095,5663568435.462107,5.966308055333478
11000,4,7449164294.164159,1520530844.3374598,5928633449.826699,4.899055038511882
11000,5,9360605236.404617,1900663555.4218247,7459941680.982793,4.924914359357602
11000,6,9584799942.942596,2280796266.50619,7304003676.436407,4.202391982000635
11000,7,11418718083.119478,2660928977.5905547,8757789105.528923,4.2912524833560255
11000,8,11789112779.17323,3041061688.6749196,8748051090.49831,3.876643746845561
11000,9,12933281622.32808,3421194399.7592845,9512087222.568794,3.780341047921178
11000,10,13836271034.179209,3801327110.8436494,10034943923.33556,3.6398527752873258
11000,11,14878601776.628515,4181459821.9280143,10697141954.7005,3.5582314335781886
11000,12,15914128204.794222,4561592533.01238,11352535671.781841,3.488721995580098
11000,13,16025690317.7639,4941725244.096745,11083965073.667156,3.2429343045544208
11000,14,17450514469.033756,5321857955.181109,12128656513.852646,3.279026726379414
11000,15,17845675131.527836,5701990666.265474,12143684465.262362,3.12972717354795
11000,16,19122027879.608856,6082123377.349839,13039904502.259018,3.1439723749801485
11000,17,20496859764.64033,6462256088.434204,14034603676.206127,3.1717807966979983
11000,18,19735622759.061924,6842388799.518569,12893233959.543354,2.884317646557957
11000,19,20695361546.694126,7222521510.602934,13472840036.091192,2.8653928570946525
11000,20,20695361546.694126,7602654221.687299,13092707325.006828,2.72212321423992
11000,21,20983976841.433903,7982786932.771664,13001189908.66224,2.628653002786354
11000,22,20983976841.433903,8362919643.856029,12621057197.577873,2.5091687753869745
11000,23,20670199120.130127,8743052354.940393,11927146765.189734,2.3641856734908053
11000,24,20714116068.903015,9123185066.02476,11590931002.878256,2.270491710843784
11000,25,18094575689.60174,9503317777.109123,8591257912.492619,1.9040272159673113
12000,1,3827215905.6396656,452389342.1169302,3374826563.5227356,8.460004578645524
12000,2,6457042651.478243,904778684.2338604,5552263967.244383,7.1365989981802835
12000,3,7744598849.9234495,1357168026.3507905,6387430823.572659,5.706440690875578
12000,4,8550024225.095603,1809557368.4677207,6740466856.627882,4.724925760345199
12000,5,10902272431.192545,2261946710.584651,8640325720.607895,4.8198626343299695
12000,6,11154551392.026781,2714336052.701581,8440215339.3252,4.109495351883436
12000,7,13267360223.263836,3166725394.8185115,10100634828.445324,4.189615002605619
12000,8,13654023180.378332,3619114736.9354415,10034908443.44289,3.772752226125926
12000,9,15031115256.886932,4071504079.0523715,10959611177.83456,3.6917844032678393
12000,10,16101899647.7685,4523893421.169302,11578006226.599197,3.5593012807111184
12000,11,17276426724.737595,4976282763.286232,12300143961.451363,3.4717534245036767
12000,12,18568013786.053925,5428672105.403162,13139341680.650763,3.420360159084422
12000,13,18701579219.4183,5881061447.520092,12820517771.898209,3.1799666414477485
12000,14,20275986971.955288,6333450789.637023,13942536182.318264,3.2014122546166224
12000,15,20758655525.510307,6785840131.753953,13972815393.756355,3.0591135544693073
12000,16,22378692205.136955,7238229473.870883,15140462731.266071,3.091735663523971
12000,17,23916603039.918438,7690618815.987813,16225984223.930626,3.1098411730144364
12000,18,23009948368.88635,8143008158.104743,14866940210.781605,2.825730727775893
12000,19,24069359655.564674,8595397500.221674,15473962155.343,2.800261378830232
12000,20,24069359655.564674,9047786842.338604,15021572813.22607,2.6602483098887206
12000,21,24331444877.11108,9500176184.455534,14831268692.655546,2.561157225370504
12000,22,24331444877.11108,9952565526.572464,14378879350.538616,2.4447409878536632
12000,23,23829170497.950603,10404954868.689394,13424215629.26121,2.290175286550966
12000,24,23873087446.723488,10857344210.806324,13015743235.917164,2.1987962233860636
12000,25,20730007163.039814,11309733552.923254,9420273610.11656,1.8329350612934359
13000,1,4194476937.8507013,530929158.45667505,3663547779.3940263,7.900257258507643
13000,2,7180876164.339039,1061858316.9133501,6119017847.425689,6.762555841925014
13000,3,8596914335.567581,1592787475.3700252,7004126860.197556,5.397402019105158
13000,4,9525878166.507019,2123716633.8267002,7402161532.680319,4.485475140505186
13000,5,12236649286.403536,2654645792.2833753,9582003494.120161,4.60952241612553
13000,6,12515393045.756077,3185574950.7400503,9329818095.016026,3.9287705482643216
13000,7,14970108448.631477,3716504109.1967254,11253604339.434752,4.028008044330422
13000,8,15442750007.758778,4247433267.6534004,11195316740.105377,3.635784021697063
13000,9,17221522862.62507,4778362426.110075,12443160436.514994,3.604063762204954
13000,10,18412662951.614033,5309291584.566751,13103371367.047283,3.4680074843010424
13000,11,19719828473.74362,5840220743.023426,13879607730.720196,3.3765553292314183
13000,12,21201703651.77277,6371149901.480101,14830553750.29267,3.327767197385725
13000,13,21374974731.736378,6902079059.936775,14472895671.799603,3.0968892917798856
13000,14,23125513743.147068,7433008218.393451,15692505524.753616,3.1111917360620582
13000,15,23712620336.009502,7963937376.850126,15748682959.159376,2.977499597741469
13000,16,25571618456.138405,8494866535.306801,17076751920.831604,3.0102436983390297
13000,17,27224135154.82547,9025795693.763475,18198339461.061996,3.0162587408926664
13000,18,26400077762.52172,9556724852.22015,16843352910.30157,2.762460798103719
13000,19,27824095448.485245,10087654010.676826,17736441437.80842,2.75823253048093
13000,20,27849972958.40082,10618583169.133501,17231389789.26732,2.6227579060976964
13000,21,28130479803.452812,11149512327.590176,16980967475.862637,2.523023337428145
13000,22,28130479803.452812,11680441486.046852,16450038317.40596,2.408340458454138
13000,23,27347306258.82606,12211370644.503527,15135935614.322535,2.239495225798865
13000,24,27658740483.001297,12742299802.960201,14916440680.041096,2.1706238991940694
13000,25,23913220866.051434,13273228961.416876,10639991904.634558,1.8016129259551905
14000,1,4713409337.366138,615752160.1035994,4097657177.262539,7.65471831487057
14000,2,8044507397.906725,1231504320.2071989,6813003077.699526,6.532260801613143
14000,3,9711848031.02395,1847256480.3107982,7864591550.713152,5.257444288077391
14000,4,10753332892.77668,2463008640.4143977,8290324252.362282,4.3659338892808135
14000,5,13862361233.382618,3078760800.5179973,10783600432.86462,4.502578190241442
14000,6,14169845846.657904,3694512960.6215963,10475332886.036308,3.8353758662343003
14000,7,17081437630.396244,4310265120.725196,12771172509.671047,3.9629668134015654
14000,8,17605482339.41607,4926017280.828795,12679465058.587273,3.5739790048917515
14000,9,19821866308.41201,5541769440.932395,14280096867.479614,3.5768117962476995
14000,10,21303635905.726578,6157521601.035995,15146114304.690582,3.4597744492105833
14000,11,22760031611.33604,6773273761.139594,15986757850.196445,3.360270441439635
14000,12,24404040928.356834,7389025921.243193,17015015007.113642,3.3027412799021403
14000,13,24611388644.920147,8004778081.346792,16606610563.573355,3.0745872521152164
14000,14,26621358315.98612,8620530241.450392,18000828074.53573,3.088134670415252
14000,15,27260007603.95647,9236282401.553991,18023725202.40248,2.9514047339403584
14000,16,29278563159.263084,9852034561.65759,19426528597.60549,2.9718291157047068
14000,17,31039614696.106964,10467786721.76119,20571827974.34577,2.965250966718645
14000,18,30300616168.47816,11083538881.86479,19217077286.613373,2.7338394795598107
14000,19,31992712271.86557,11699291041.96839,20293421229.89718,2.734585553697179
14000,20,32045339277.91191,12315043202.07199,19730296075.83992,2.6021296679268104
14000,21,32504276877.98266,12930795362.175589,19573481515.807068,2.5137105620789795
14000,22,32504276877.98266,13546547522.279188,18957729355.70347,2.399450991075389
14000,23,31668837129.988678,14162299682.382788,17506537447.60589,2.236136633189818
14000,24,31980271354.16388,14778051842.486385,17202219511.677494,2.1640383790116173
14000,25,27598331811.624584,15393804002.589985,12204527809.0346,1.7928207873103494
15000,1,5373296145.852621,706858347.0577035,4666437798.794918,7.601659042747328
15000,2,8965846697.406443,1413716694.115407,7552130003.291036,6.342039203983911
15000,3,10968317702.29993,2120575041.1731105,8847742661.12682,5.172331791772959
15000,4,12152252718.726686,2827433388.230814,9324819330.495872,4.297980199749502
15000,5,16526778408.509588,3534291735.2885175,12992486673.221071,4.67612173706437
15000,6,16855078780.965555,4241150082.346221,12613928698.619335,3.9741764506577564
15000,7,20317785631.80952,4948008429.403925,15369777202.405596,4.106255258392346
15000,8,20978724360.963886,5654866776.461628,15323857584.502258,3.7098529797886286
15000,9,23530270677.655727,6361725123.519331,17168545554.136396,3.6987248302609292
15000,10,25104415847.430973,7068583470.577035,18035832376.85394,3.551548333825024
15000,11,26757013696.607124,7775441817.634739,18981571878.972385,3.441221003791976
15000,12,28772204643.61253,8482300164.692442,20289904478.92009,3.392028587172236
15000,13,29079417847.303837,9189158511.750145,19890259335.55369,3.1645354479542482
15000,14,31467583678.502037,9896016858.80785,21571566819.694187,3.1798231679945688
15000,15,32159170639.401035,10602875205.865553,21556295433.535484,3.0330613173312133
15000,16,34941634741.094345,11309733552.923256,23631901188.17109,3.0895188270870353
15000,17,36935664153.452286,12016591899.980959,24919072253.47133,3.073722105309311
15000,18,36110484066.33095,12723450247.038662,23387033819.292286,2.8381047094309606
15000,19,37939808550.95522,13430308594.096367,24509499956.858856,2.824939448348389
15000,20,37992435557.00156,14137166941.15407,23855268615.84749,2.687415075109815
15000,21,38461348221.496254,14844025288.211773,23617322933.28448,2.591032248647537
15000,22,38461348221.496254,15550883635.269478,22910464586.226776,2.4732580555271944
15000,23,37534660529.79964,16257741982.32718,21276918547.472458,2.3087253181039116
15000,24,37868053228.361275,16964600329.384884,20903452898.97639,2.2321806876150747
15000,25,33130300690.886955,17671458676.44259,15458842014.444366,1.874791509715731
16000,1,6173796637.882425,804247719.318987,5369548918.563438,7.676486348149314
16000,2,10237283729.043842,1608495438.637974,8628788290.405869,6.364509020748277
16000,3,12379293990.875162,2412743157.956961,9966550832.918201,5.130796433946819
16000,4,13769948048.280926,3216990877.275948,10552957171.004978,4.280381441411145
16000,5,18728441114.268326,4021238596.594935,14707202517.673391,4.657381218345764
16000,6,19073941976.613037,4825486315.913922,14248455660.699116,3.9527501950858874
16000,7,23014490283.79618,5629734035.232909,17384756248.56327,4.088024432373392
16000,8,23723548950.961426,6433981754.551896,17289567196.40953,3.6872266437774015
16000,9,26629369629.540356,7238229473.870883,19391140155.66947,3.678989416634151
16000,10,28338904687.72844,8042477193.18987,20296427494.53857,3.523653720985989
16000,11,30133482548.71061,8846724912.508858,21286757636.20175,3.4061737927561495
16000,12,32501426116.284676,9650972631.827845,22850453484.456833,3.367683999962714
16000,13,32861699186.082222,10455220351.146832,22406478834.93539,3.1430900624182088
16000,14,35532567496.64297,11259468070.465818,24273099426.177147,3.155794507721619
16000,15,36345997472.10619,12063715789.784805,24282281682.32139,3.012836020464184
16000,16,39623307078.921295,12867963509.103792,26755343569.817505,3.079221280887897
16000,17,42091307287.90758,13672211228.42278,28419096059.4848,3.07860276473824
16000,18,41109916615.91068,14476458947.741766,26633457668.168915,2.8397771004851684
16000,19,43234384761.17739,15280706667.060753,27953678094.11664,2.829344591397325
16000,20,43287011767.223724,16084954386.37974,27202057380.843987,2.6911491775119907
16000,21,43751482998.648544,16889202105.698727,26862280892.949818,2.5905002927217025
16000,22,43751482998.648544,17693449825.017715,26058033173.63083,2.47275027941617
16000,23,42514789174.56716,18497697544.3367,24017091630.23046,2.298382762106714
16000,24,42848181873.1288,19301945263.65569,23546236609.47311,2.2198893058623033
16000,25,37677298650.70509,20106192982.974674,17571105667.73042,1.873915100815411
17000,1,6881016794.298188,907920276.8874502,5973096517.410738,7.578877759937054
17000,2,11537059066.96363,1815840553.7749004,9721218513.18873,6.353563942043016
17000,3,13844485396.091967,2723760830.6623507,11120724565.429615,5.082856482933317
17000,4,15468596949.01775,3631681107.549801,11836915841.467949,4.259348905073332
17000,5,20821584275.240673,4539601384.437251,16281982890.803421,4.586654754891394
17000,6,21219315949.156643,5447521661.324701,15771794287.831942,3.895223785855793
17000,7,25576325586.055397,6355441938.212152,19220883647.843246,4.024318974936662
17000,8,26339134404.852566,7263362215.099602,19075772189.752964,3.6263005512924678
17000,9,29560410066.000195,8171282491.987052,21389127574.01314,3.617597371647329
17000,10,31443426543.37153,9079202768.874502,22364223774.497025,3.4632365135809597
17000,11,33307617032.57243,9987123045.761951,23320493986.81048,3.335056239915514
17000,12,36022579441.05892,10895043322.649403,25127536118.40952,3.3063273246626363
17000,13,36402884629.905594,11802963599.536854,24599921030.36874,3.084215614401627
17000,14,39680817270.07152,12710883876.424303,26969933393.647217,3.1217984253376816
17000,15,40528734338.78878,13618804153.311752,26909930185.477028,2.975939288247508
17000,16,44183461874.83441,14526724430.199203,29656737444.63521,3.0415295676004317
17000,17,47003351183.48975,15434644707.086655,31568706476.4031,3.0453147497401516
17000,18,46207306923.61263,16342564983.974104,29864741939.638527,2.827420724281934
17000,19,48521926861.02602,17250485260.861553,31271441600.164463,2.8127861986070677
17000,20,48574553867.07235,18158405537.749004,30416148329.323345,2.675045106030486
17000,21,49136448751.20308,19066325814.636456,30070122936.566624,2.577132543989309
17000,22,49136448751.20308,19974246091.523903,29162202659.679176,2.459990155626159
17000,23,47542145440.40948,20882166368.411354,26659979071.998123,2.2766864606694694
17000,24,47875538138.971115,21790086645.298805,26085451493.67231,2.1971247254907187
17000,25,41886144220.58984,22698006922.186256,19188137298.403587,1.8453666158524282
18000,1,7375426343.368413,1017876019.763093,6357550323.60532,7.245898518254725
18000,2,12609387564.33148,2035752039.526186,10573635524.805294,6.193970247607498
18000,3,15153634195.236195,3053628059.289279,12100006135.946915,4.962501621354353
18000,4,16931101956.917448,4071504079.052372,12859597877.865076,4.158439148821411
18000,5,22758035101.641407,5089380098.815465,17668655002.825943,4.471671335166784
18000,6,23208835400.075333,6107256118.578558,17101579281.496775,3.8002066639178556
18000,7,27969544334.197296,7125132138.341651,20844412195.855644,3.925477281142341
18000,8,28821338659.96025,8143008158.104744,20678330501.855507,3.539397001742451
18000,9,32287415242.11212,9160884177.867836,23126531064.244286,3.5244867869977705
18000,10,34276211336.52904,10178760197.63093,24097451138.89811,3.3674249781920107
18000,11,36314251535.44142,11196636217.394024,25117615318.047398,3.2433179778608037
18000,12,39473962317.31459,12214512237.157116,27259450080.157475,3.23172645381884
18000,13,39979906924.78818,13232388256.920208,26747518667.86797,3.0213674318299786
18000,14,43809598602.775856,14250264276.683302,29559334326.092552,3.0743007815271466
18000,15,44831804517.61913,15268140296.446396,29563664221.172737,2.9362976529665223
18000,16,48650583218.01573,16286016316.209488,32364566901.806244,2.987261112442443
18000,17,51716700405.40719,17303892335.97258,34412808069.43461,2.988732211301083
18000,18,51153751958.72559,18321768355.735672,32831983602.98992,2.791965871717388
18000,19,53814962374.44558,19339644375.498768,34475317998.94681,2.7826241956456705
18000,20,53867589380.49192,20357520395.26186,33510068985.23006,2.64607812418203
18000,21,54650936645.49056,21375396415.024952,33275540230.46561,2.556721549597833
18000,22,54650936645.49056,22393272434.788048,32257664210.702515,2.4405069337070224
18000,23,52641167298.78598,23411148454.55114,29230018844.23484,2.248551257576281
18000,24,52997108157.77547,24429024474.31423,28568083683.461235,2.169432030063214
18000,25,46204352155.24671,25446900494.077324,20757451661.169388,1.8157163056459709
19000,1,7773237720.811693,1134114947.9459152,6639122772.865778,6.854012227676229
19000,2,13496538404.024153,2268229895.8918304,11228308508.132322,5.950251528061064
19000,3,16373826267.982203,3402344843.8377457,12971481424.144457,4.812512258314476
19000,4,18395088474.324978,4536459791.783661,13858628682.541317,4.054943572439851
19000,5,24731541762.386223,5670574739.729576,19060967022.656647,4.3613818523738646
19000,6,25289755338.248936,6804689687.675491,18485065650.573444,3.7165185333951674
19000,7,30466148646.950607,7938804635.621407,22527344011.3292,3.8376241821406003
19000,8,31353640755.49248,9072919583.567322,22280721171.92516,3.455738857454388
19000,9,35045408543.87537,10207034531.513237,24838374012.36213,3.4334564496354
19000,10,37385067812.831825,11341149479.459152,26043918333.372673,3.2964090527633783
19000,11,39650362178.99665,12475264427.405067,27175097751.591583,3.178318376313902
19000,12,43202994288.54528,13609379375.350983,29593614913.194298,3.1745014300059577
19000,13,44081081840.61608,14743494323.296898,29337587517.319183,2.9898666404314658
19000,14,48461939646.7396,15877609271.242813,32584330375.496788,3.052218934151052
19000,15,49722870744.49918,17011724219.188728,32711146525.310455,2.9228589708980373
19000,16,54263862059.63775,18145839167.134644,36118022892.503105,2.9904300131745516
19000,17,57893981641.88929,19279954115.08056,38614027526.80873,3.0028070241414775
19000,18,57443646241.63573,20414069063.026474,37029577178.60925,2.813924360904433
19000,19,60544786024.924965,21548184010.97239,38996602013.952576,2.8097396046968695
19000,20,60703336409.908264,22682298958.918304,38021037450.98996,2.676242673630784
19000,21,61561464906.59231,23816413906.86422,37745050999.72809,2.5848335163863374
19000,22,61561464906.59231,24950528854.810135,36610936051.78217,2.467341083823322
19000,23,59146804899.38671,26084643802.75605,33062161096.63066,2.2674952108465205
19000,24,59502745758.37621,27218758750.701965,32283987007.674248,2.186093286007822
19000,25,52210367838.20188,28352873698.64788,23857494139.554,1.8414488913232008
20000,1,8161510360.798944,1256637061.4359171,6904873299.363028,6.494723585084352
20000,2,14412675101.636274,2513274122.8718343,11899400978.76444,5.7346212140072454
20000,3,17504846131.07232,3769911184.3077517,13734934946.764568,4.643304649705332
20000,4,19659049565.845592,5026548245.743669,14632501320.101925,3.9110436436161318
20000,5,26591740709.894238,6283185307.179585,20308555402.714653,4.232206979397654
20000,6,27164487090.03437,7539822368.615503,19624664721.41887,3.6028019974457886
20000,7,33188944922.210506,8796459430.05142,24392485492.15909,3.772989028838902
20000,8,34139263108.484234,10053096491.487337,24086166616.996895,3.3958952982687816
20000,9,38049545503.990425,11309733552.923254,26739811951.06717,3.3643184718667105
20000,10,40564277069.017365,12566370614.35917,27997906454.658195,3.2280026042416674
20000,11,43018426906.765015,13823007675.795088,29195419230.969925,3.1120887664768393
20000,12,46809694094.36875,15079644737.231007,31730049357.137745,3.1041642498909536
20000,13,47832469501.659615,16336281798.666924,31496187702.99269,2.9279899851851754
20000,14,52759711671.98332,17592918860.10284,35166792811.88048,2.998917467392612
20000,15,54105269294.28982,18849555921.538757,35255713372.75106,2.870373685168123
20000,16,59209766074.16963,20106192982.974674,39103573091.19496,2.9448521718809073
20000,17,62987010883.07895,21362830044.41059,41624180838.66836,2.948439450772066
20000,18,62837636441.58619,22619467105.846508,40218169335.739685,2.7780334588582942
20000,19,66320805876.173325,23876104167.282425,42444701708.8909,2.777706338166054
20000,20,66564214484.34268,25132741228.71834,41431473255.624344,2.648505942053069
20000,21,67541426098.3001,26389378290.15426,41152047808.14584,2.559417101671526
20000,22,67541426098.3001,27646015351.590176,39895410746.70993,2.4430799606864566
20000,23,64975160557.41127,28902652413.026093,36072508144.38518,2.248069126282947
20000,24,65331101416.40076,30159289474.462013,35171811941.93874,2.1662016100121053
20000,25,57242992873.913025,31415926535.89793,25827066338.015095,1.8221010546514798
