method,DayofYear,Maximum_joint_density,Temporal_density
default,10,1.2554892591262707e-12,0.0018464317911908066
default,11,1.1525303999839865e-12,0.0016406832340355446
default,12,1.047702538165922e-12,0.0014441946098002075
default,13,9.422048219902839e-13,0.0012596694139252768
default,14,8.373785675545048e-13,0.0010859494411823046
default,15,7.346672520687285e-13,9.23722472733346e-4
default,16,6.355592590101416e-13,7.757294024405099e-4
default,17,5.415149011658779e-13,6.418985645722931e-4
default,18,4.5388233424512443e-13,5.228301828786191e-4
default,19,3.738102607664014e-13,4.1864857839425006e-4
default,20,3.021679792258477e-13,3.287581562686788e-4
default,21,2.394843747960539e-13,2.5381449744920785e-4
default,22,1.8591608513548255e-13,1.9210540782784813e-4
default,23,1.4125111433662991e-13,1.4196899179621083e-4
default,24,1.0494827234965541e-13,1.0277237087508765e-4
default,25,7.620642677016731e-14,7.312792358527672e-5
default,26,5.405242206961963e-14,5.06865548699018e-5
default,27,3.743404727634687e-14,3.425716891160374e-5
default,28,2.530512210973657e-14,2.315577335267616e-5
default,29,1.6693097715126743e-14,1.5533897823397403e-5
default,30,1.0744281509487675e-14,1.0622642080681752e-5
default,31,6.7464747717730525e-15,8.086558039771639e-6
default,32,4.132369613838515e-15,7.2365093768238685e-6
default,33,2.9366690047510255e-15,7.785044956155639e-6
default,34,4.328799484892428e-15,9.763375538945279e-6
default,35,6.223272902404195e-15,1.3205082218030452e-5
default,36,8.725599427716557e-15,1.80850540372785e-5
default,37,1.193204019067418e-14,2.4589446495815226e-5
default,38,1.591331241894619e-14,3.3069430636152326e-5
default,39,2.069821608594414e-14,4.334112901184085e-5
default,40,2.6256188995561968e-14,5.53871366496692e-5
default,41,3.248305810068371e-14,6.930318066281976e-5
default,42,3.919300599728423e-14,8.45237605428862e-5
default,43,4.611972245970552e-14,1.0054995251757035e-4
default,44,5.292870188468482e-14,1.1674412217845292e-4
default,45,5.92409817995455e-14,1.322483416260514e-4
default,46,6.466655134832107e-14,1.463131111034152e-4
default,47,6.884360524445816e-14,1.5810238433305724e-4
default,48,7.25008282801004e-14,1.6662945839550163e-4
default,49,7.52866053999448e-14,1.7186303732005993e-4
default,50,7.625614785962769e-14,1.7366693421435608e-4
default,51,7.534656844294386e-14,1.716642373409692e-4
default,52,7.264001940765662e-14,1.6689890103145495e-4
default,53,6.835751496493325e-14,1.60146670413447e-4
default,54,6.283789357455328e-14,1.5231311417419232e-4
default,55,5.6506047668033045e-14,1.4468966362370082e-4
default,56,5.4977164166160255e-14,1.3839699971733628e-4
default,57,6.97404400859035e-14,1.3461275781589198e-4
default,58,8.628099466748688e-14,1.3462777075572407e-4
default,59,1.0410568984986922e-13,1.3875109557562633e-4
default,60,1.2250780393666193e-13,1.4745829020426388e-4
default,61,1.40599772035179e-13,1.6197408824968008e-4
default,62,1.5737632410578368e-13,1.8155451852942925e-4
default,63,1.7180330620940083e-13,2.0616285375549983e-4
default,64,1.8292200968261843e-13,2.3630329153844656e-4
default,65,1.8995468467329029e-13,2.71493215728844e-4
default,66,1.9239520694224612e-13,3.1121079040171226e-4
default,67,1.9007024200329308e-13,3.5543780765729175e-4
default,68,1.8316063719346755e-13,4.039239194220981e-4
default,69,1.7217935058722531e-13,4.555740859526356e-4
default,70,1.8387214280061057e-13,5.095981151193598e-4
default,71,2.096955689811032e-13,5.649153324634297e-4
default,72,2.3522474213326135e-13,6.196901820667822e-4
default,73,2.588977586981734e-13,6.722035180025515e-4
default,74,2.7864936699822035e-13,7.196743832808453e-4
default,75,2.934626761987916e-13,7.600202226833697e-4
default,76,3.020775317549716e-13,7.91499986523414e-4
default,77,3.3515380256889236e-13,8.114214975393568e-4
default,78,3.724908015064081e-13,8.177373553078825e-4
default,79,4.0403219621464517e-13,8.110146885826915e-4
default,80,4.275609163069974e-13,7.910003824978658e-4
default,81,4.41374748113624e-13,7.566362238454146e-4
default,82,4.4449697105094135e-13,7.116878324820382e-4
default,83,4.3685882583969984e-13,6.582478493821053e-4
default,84,4.1906515426606963e-13,5.984159466143197e-4
default,85,3.923596076767806e-13,5.36183784709283e-4
default,86,3.586956246352023e-13,4.747652837245246e-4
default,87,3.2039864226532e-13,4.176230870902167e-4
default,88,2.799176764512201e-13,3.6803855078259195e-4
default,89,2.395844098970678e-13,3.276728690710306e-4
default,90,2.0141110163048626e-13,2.984589829003289e-4
default,91,1.66948925439721e-13,2.8310011565899534e-4
default,92,1.3721625985539608e-13,2.7996908492374526e-4
default,93,1.1285216862383722e-13,2.886305807570326e-4
default,94,9.787749662701869e-14,3.094909270283166e-4
default,95,9.68580728076395e-14,3.3925288143430446e-4
default,96,1.0040679042252484e-13,3.754037173304466e-4
default,97,1.0526873196919449e-13,4.155733992194275e-4
default,98,1.1401657060955818e-13,4.5649178368819193e-4
default,99,1.2160733579925439e-13,4.952892912860069e-4
default,100,1.2655781652596066e-13,5.293929885320066e-4
default,101,1.2932810267678731e-13,5.558904776204345e-4
default,102,1.320398091166124e-13,5.744073055054372e-4
default,103,1.3249555644357993e-13,5.844626854482965e-4
default,104,1.3062879933050648e-13,5.850177705924004e-4
default,105,1.2691954737101142e-13,5.784284220978256e-4
default,106,1.302543832237555e-13,5.664795224967264e-4
default,107,1.3907295200630913e-13,5.510667185926281e-4
default,108,1.4649323978156425e-13,5.350265236689324e-4
default,109,1.5274840074209914e-13,5.208661456866766e-4
default,110,1.5827398868249638e-13,5.11004664886755e-4
default,111,1.6365219981508865e-13,5.081255796288318e-4
default,112,1.805906500648777e-13,5.128968777243044e-4
default,113,2.0172618416871137e-13,5.261829320626256e-4
default,114,2.26059156755826e-13,5.499925613717899e-4
default,115,2.5305130258112724e-13,5.82721286614653e-4
default,116,2.8176582462463916e-13,6.237941153775751e-4
default,117,3.108707801576561e-13,6.732600027433706e-4
default,118,3.387486942166213e-13,7.296082468539048e-4
default,119,3.636598358690416e-13,7.912626002397294e-4
default,120,3.839368505559876e-13,8.572796755815512e-4
default,121,3.9818086511164574e-13,9.264288355016455e-4
default,122,4.0542717067267723e-13,9.96906401885595e-4
default,123,4.0525301624572306e-13,0.001067240462548525
default,124,3.978102713276315e-13,0.0011350011823766252
default,125,3.837796382542411e-13,0.001198186467459265
default,126,3.642576300264887e-13,0.0012543813606005197
default,127,3.405993974128644e-13,0.0012993312789946814
default,128,3.4867639142654924e-13,0.0013304914366926474
default,129,3.5930197083549955e-13,0.0013459842324201519
default,130,3.6381257932591465e-13,0.001342476359816286
default,131,3.614479555029114e-13,0.0013177429155017191
default,132,3.518190435411039e-13,0.0012740546690029715
default,133,3.35367498798349e-13,0.0012125064986605615
default,134,3.1277323353564017e-13,0.0011335867309628263
default,135,2.8513569402449696e-13,0.0010440588463108422
default,136,2.541444232840422e-13,9.482953967692438e-4
default,137,2.2135534057689303e-13,8.514721568697369e-4
default,138,1.882971293750825e-13,7.591825222570266e-4
default,139,1.8284165414216854e-13,6.755783225301202e-4
default,140,1.8984262788720423e-13,6.052771020647224e-4
default,141,2.0307596183346198e-13,5.515648523569587e-4
default,142,2.2180718585376456e-13,5.142730949892513e-4
default,143,2.455211593238161e-13,4.940525194123958e-4
default,144,2.734456471678019e-13,4.924906294749318e-4
default,145,3.0545149369388286e-13,5.053719930487348e-4
default,146,3.403617752302975e-13,5.308011779538306e-4
default,147,3.77641757504933e-13,5.677683543515415e-4
default,148,4.151204698809297e-13,6.123387063702231e-4
default,149,4.516886843293004e-13,6.618048255948709e-4
default,150,4.842606579923868e-13,7.140601893199084e-4
default,151,5.109708760320413e-13,7.668643549905108e-4
default,152,5.292680624001416e-13,8.186592205729846e-4
default,153,5.378933251574905e-13,8.684858950614618e-4
default,154,5.351522469362526e-13,9.156699547715937e-4
default,155,5.210315206124523e-13,9.607528925732793e-4
default,156,4.961342101892654e-13,0.0010042942668210568
default,157,4.618496013776677e-13,0.0010471068190449234
default,158,4.200824669306959e-13,0.0010903030760435427
default,159,3.731613603090073e-13,0.0011346831444663114
default,160,3.236759257633828e-13,0.001181050431962499
default,161,2.741135843059453e-13,0.00122969851263309
default,162,2.682113048510217e-13,0.0012803833443365816
default,163,3.0354733336427494e-13,0.0013328010925926562
default,164,3.3718504274625305e-13,0.0013863294880162938
default,165,3.6686128030668735e-13,0.0014399155555168506
default,166,3.90828027589094e-13,0.0014925883906845435
default,167,4.0766260600094986e-13,0.0015426726815080869
default,168,4.1633065269499046e-13,0.0015890029968188813
default,169,4.1629696479855107e-13,0.0016301481372729004
default,170,4.075858654961729e-13,0.0016635320559131414
default,171,4.2758649027206327e-13,0.001687346319697582
default,172,4.5003068796842944e-13,0.001700452877948273
default,173,4.676752119238905e-13,0.0017006096580786134
default,174,4.798111639209714e-13,0.0016853683982940321
default,175,4.852117780528151e-13,0.0016558749298037883
default,176,4.836066556427684e-13,0.0016121680095460133
default,177,4.747114426974935e-13,0.0015526757022929932
default,178,4.587263586054738e-13,0.0014814325819357199
default,179,4.362529171107393e-13,0.0014005309697604266
default,180,4.0912976043191943e-13,0.001311819611833104
default,181,3.776996081071498e-13,0.00121893077448025
default,182,3.4435014769716333e-13,0.0011250535569991894
default,183,3.1009088977955296e-13,0.0010332006067149556
default,184,2.7683103683554913e-13,9.467958059822278e-4
default,185,2.458667493102397e-13,8.680130449296291e-4
default,186,2.1760915180424715e-13,7.993405259476908e-4
default,187,1.9232534990262043e-13,7.459134681240898e-4
default,188,1.738656521180459e-13,7.083804621469902e-4
default,189,1.5982496422849517e-13,6.896155970990272e-4
default,190,1.4405547328513307e-13,6.963000042377331e-4
default,191,1.279135964254246e-13,7.311035496976541e-4
default,192,1.229094374684442e-13,7.970855850246719e-4
default,193,1.5316912127860327e-13,9.020716753729825e-4
default,194,2.0175689325736062e-13,0.001053820532718621
default,195,2.6565771747113227e-13,0.0012532841199872694
default,196,3.4697512913905196e-13,0.0015062001585371984
default,197,4.469461646519223e-13,0.001825977456435244
default,198,5.657373297250043e-13,0.0022053442136212467
default,199,7.040523192886986e-13,0.0026441393752733478
default,200,8.59818141665835e-13,0.0031467616134562915
default,201,1.0297211929493922e-12,0.003699332634895124
default,202,1.2091782982022875e-12,0.004288543894327929
default,203,1.3939426789947887e-12,0.00490054505113066
default,204,1.5765329154588117e-12,0.005514010786905783
default,205,1.7496342271437015e-12,0.00610767062445364
default,206,1.9063738392957173e-12,0.006660330815802179
default,207,2.040698129324138e-12,0.007142659973749563
default,208,2.1479596923997538e-12,0.007547622147455037
default,209,2.2263879894920745e-12,0.007865302476738903
default,210,2.2758303075834927e-12,0.00807687188717642
default,211,2.2960290105203965e-12,0.008196473409030545
default,212,2.2902163791009133e-12,0.008235725039704043
default,213,2.26311425374302e-12,0.008202952832494408
default,214,2.220342883487596e-12,0.008119140045339103
default,215,2.1686283976503855e-12,0.008008327015021086
default,216,2.113714506064429e-12,0.007888299696894596
default,217,2.060508600627936e-12,0.0077773782550963405
default,218,2.0106962211876212e-12,0.0076863712475294405
default,219,1.9655874849065017e-12,0.00762086260545076
default,220,1.9276197361948912e-12,0.007585590004086111
default,221,1.8941761887753616e-12,0.007571689825299441
default,222,1.8630542054435316e-12,0.007570454385365605
default,223,1.8310537152301097e-12,0.007570703273173004
default,224,1.795085763932309e-12,0.007559020012817428
default,225,1.7507136518386805e-12,0.007525274808370972
default,226,1.6974909142193333e-12,0.007459366857390675
default,227,1.6311139080889466e-12,0.007351528749536132
default,228,1.5514740289578738e-12,0.00720454809220043
default,229,1.4605688644165987e-12,0.0070195967100245395
default,230,1.3677491362753928e-12,0.0067955802919365425
default,231,1.3609684960057146e-12,0.006545684740789407
default,232,1.3511639570477393e-12,0.006278615843835287
default,233,1.34127773653775e-12,0.006003827242472822
default,234,1.3395057574742693e-12,0.005733083484791201
default,235,1.3566127824608375e-12,0.005475733287112247
default,236,1.3786454529112565e-12,0.005241453091014727
default,237,1.4035277014223202e-12,0.005039966845391845
default,238,1.4305758975863775e-12,0.0048726306397536305
default,239,1.4584337177094355e-12,0.004742048779494029
default,240,1.4851748882160743e-12,0.004655954952119926
default,241,1.5084792560415301e-12,0.004605893580120444
default,242,1.528130364037036e-12,0.004589071909992173
default,243,1.5565379832214259e-12,0.004604861970838492
default,244,1.5745262211212075e-12,0.004645753406265879
default,245,1.5875838645674915e-12,0.004705155433588232
default,246,1.5855100110248346e-12,0.00477883960465872
default,247,1.5658769731431745e-12,0.004861787871666548
default,248,1.528076204369542e-12,0.004948611402571709
default,249,1.473460082477097e-12,0.005035939242897417
default,250,1.4043996394663963e-12,0.005120309308091546
default,251,1.3240527428429871e-12,0.0052000949896681414
default,252,1.236111399986801e-12,0.005274418379920656
default,253,1.1445560708828403e-12,0.005342733745868744
default,254,1.053435048310607e-12,0.005407116738979708
default,255,1.0026201577902122e-12,0.0054704364997373075
default,256,1.0705500534847598e-12,0.005536907395828953
default,257,1.1383352647888593e-12,0.005612267475056435
default,258,1.2066660606671197e-12,0.0057010139792963025
default,259,1.2771037595836906e-12,0.005808164406606228
default,260,1.3580475737146157e-12,0.005940859178813629
default,261,1.4402314952657916e-12,0.0060971034541961846
default,262,1.5223438221921317e-12,0.00627585822008033
default,263,1.6022084372007133e-12,0.006475574662003324
default,264,1.6768072420785182e-12,0.006686704593883228
default,265,1.7424656009219995e-12,0.0069002226974317574
default,266,1.7951977953634945e-12,0.007105513848530396
default,267,1.831177647348303e-12,0.0072918102198842715
default,268,1.847270546593541e-12,0.007453283832948338
default,269,1.8415438931897934e-12,0.007584975507043081
default,270,1.8136685961836547e-12,0.007683067054221271
default,271,1.765136835998833e-12,0.007756375117342557
default,272,1.6992490425772303e-12,0.007812136872475907
default,273,1.659686146341847e-12,0.007860291049621826
default,274,1.7371738865957343e-12,0.00791415034102133
default,275,1.8170554798361397e-12,0.007983729422722673
default,276,1.922760615778514e-12,0.008079642156774647
default,277,2.02642402599789e-12,0.008206075092291985
default,278,2.125997422133702e-12,0.008359667486692236
default,279,2.218963677625929e-12,0.008535420660124264
default,280,2.3024462701646334e-12,0.008722643229540203
default,281,2.3733872884516494e-12,0.00890522267401907
default,282,2.428783793295569e-12,0.009068790915604918
default,283,2.4659651538360584e-12,0.009191692630820118
default,284,2.4828846842832924e-12,0.009266426813472797
default,285,2.47838902403804e-12,0.009286940365376603
default,286,2.4590892804212405e-12,0.00924550669798577
default,287,2.424832260130152e-12,0.009149447762253309
default,288,2.374569992267582e-12,0.00901277045672239
default,289,2.310908624024201e-12,0.008847948518649777
default,290,2.2368342728311606e-12,0.008671894467075556
default,291,2.155350926021666e-12,0.008501966586166363
default,292,2.0691059826413353e-12,0.00834977889308969
default,293,1.9800713149907257e-12,0.008228292493490469
default,294,1.931279582947956e-12,0.008134990156120568
default,295,2.002198425477999e-12,0.008066121531832135
default,296,2.0616718670261917e-12,0.008014900875108817
default,297,2.103867308477325e-12,0.007967726161929655
default,298,2.1243178195240207e-12,0.007912333317395678
default,299,2.1535566822211358e-12,0.007836900443089427
default,300,2.2290308516288914e-12,0.00773137991715602
default,301,2.305469650490372e-12,0.007595738693947795
default,302,2.3836202158316557e-12,0.007431081989780424
default,303,2.4610574660273665e-12,0.007239193651440406
default,304,2.53582801389624e-12,0.007033366685871043
default,305,2.6052930153033282e-12,0.0068228053857529326
default,306,2.6637971940983325e-12,0.006618228885344022
default,307,2.711589179405914e-12,0.006427956483792392
default,308,2.7411632973103983e-12,0.006256221303703204
default,309,2.75128653469093e-12,0.006106182999170169
default,310,2.7347093011461805e-12,0.005976565670690479
default,311,2.6912420306593364e-12,0.00586037917197053
default,312,2.6195137859715772e-12,0.005751095986326502
default,313,2.5185444236381417e-12,0.005639414328305996
default,314,2.391151423744625e-12,0.005516565109604465
default,315,2.2426127402756007e-12,0.005375220689964962
default,316,2.0783982456975956e-12,0.005204997457555097
default,317,1.905662506697235e-12,0.005003606332018107
default,318,1.7288857612050539e-12,0.004770401978520977
default,319,1.5546822850551268e-12,0.0045032208989736755
default,320,1.3880861176946526e-12,0.004204876373766707
default,321,1.2320092873304852e-12,0.003883409692941041
default,322,1.087826131602571e-12,0.0035448016963466455
default,323,9.569188570657445e-13,0.003196441464138188
default,324,8.378667557187587e-13,0.002848478708334585
default,325,7.296239588244385e-13,0.002508448267512376
default,326,6.315704846974229e-13,0.0021865040708418815
default,327,5.422297723139342e-13,0.001887422968549394
default,328,4.60915826656257e-13,0.0016146784968731132
default,329,4.148814088977093e-13,0.0013739472089729803
default,330,4.4996035803236655e-13,0.0011664714342056323
default,331,4.772947018969556e-13,9.89250208211451e-4
default,332,4.947417544852331e-13,8.421569608703768e-4
default,333,5.00912536349135e-13,7.262144901123481e-4
default,334,4.953289172723309e-13,6.350567273455373e-4
default,335,4.784707178236567e-13,5.666913798302752e-4
default,336,4.5170402022790537e-13,5.224684444404754e-4
default,337,4.171020385853826e-13,4.976629257222336e-4
default,338,3.7718830530040015e-13,4.905984368715795e-4
default,339,3.3464445630370966e-13,5.017587761849679e-4
default,340,2.92028638139101e-13,5.294731430192579e-4
default,341,2.5154480359899383e-13,5.71533938388906e-4
default,342,2.148897033751015e-13,6.272894979443971e-4
default,343,2.0390341205109068e-13,6.95754087599614e-4
default,344,2.533746909648361e-13,7.745123407943212e-4
default,345,3.103340884970577e-13,8.624766201071883e-4
default,346,3.74811315692188e-13,9.570344814901144e-4
default,347,4.4678308367609625e-13,0.0010575370936373022
default,348,5.265680726561864e-13,0.0011633494360427216
default,349,6.134265324401297e-13,0.001271334057070598
default,350,7.069972852613835e-13,0.0013812416626044534
default,351,8.068718442065992e-13,0.001494227343796644
default,352,9.126154319444908e-13,0.0016085139491664017
chapter,10,8.487017714348267e-13,6.372953742025632e-4
chapter,11,8.178893824223485e-13,6.13510685722612e-4
chapter,12,7.873773118186048e-13,5.90225322282492e-4
chapter,13,7.571914685927573e-13,5.674583749401681e-4
chapter,14,7.27358074805947e-13,5.452291206860199e-4
chapter,15,6.979035842925307e-13,5.235569765880995e-4
chapter,16,6.688545925742978e-13,5.024614475208501e-4
chapter,17,6.402377379531159e-13,4.819620673965901e-4
chapter,18,6.120795938475206e-13,4.620783338754219e-4
chapter,19,5.844065525758654e-13,4.428296365920823e-4
chapter,20,5.572447009422554e-13,4.2423517900702553e-4
chapter,21,5.306196881505827e-13,4.063138940627883e-4
chapter,22,5.045565867547407e-13,3.89074271580464e-4
chapter,23,4.790797475469907e-13,3.7254801445800207e-4
chapter,24,4.5421264948817443e-13,3.567551212352031e-4
chapter,25,4.2997774598876444e-13,3.417121456136588e-4
chapter,26,4.0639630905364847e-13,3.274348172882809e-4
chapter,27,3.834882730002123e-13,3.1393793656327325e-4
chapter,28,3.6127207964224743e-13,3.0123526609448814e-4
chapter,29,3.3976452699440904e-13,2.8933942048828753e-4
chapter,30,3.189806236860673e-13,2.782617545376984e-4
chapter,31,2.98933451371929e-13,2.6801225091929465e-4
chapter,32,2.7963403748264173e-13,2.5859940820874115e-4
chapter,33,2.6109124066503694e-13,2.500301300992898e-4
chapter,34,2.4331165121312776e-13,2.423096167265587e-4
chapter,35,2.2629950868307967e-13,2.3544125901579815e-4
chapter,36,2.1005663871557242e-13,2.2942653697635254e-4
chapter,37,1.9458241085662474e-13,2.2426492287431956e-4
chapter,38,1.7987371887484502e-13,2.1995379022095185e-4
chapter,39,1.6592498472334112e-13,2.1648832952377234e-4
chapter,40,1.527281868949201e-13,2.1386147176219463e-4
chapter,41,1.4027291347886956e-13,2.120638205718749e-4
chapter,42,1.2854643975795453e-13,2.1108359415362404e-4
chapter,43,1.1753382969855687e-13,2.109065779642639e-4
chapter,44,1.0721806019980394e-13,2.115160892978644e-4
chapter,45,1.0328783201047915e-13,2.1289295492475524e-4
chapter,46,1.05628430991163e-13,2.1501550301923248e-4
chapter,47,1.0807333886544845e-13,2.1785957067047975e-4
chapter,48,1.107479067430433e-13,2.2139852832857765e-4
chapter,49,1.1348178278037849e-13,2.2560332258121714e-4
chapter,50,1.1626164790415694e-13,2.304425386782914e-4
chapter,51,1.1907358894667888e-13,2.3589559974797553e-4
chapter,52,1.2190312190737768e-13,2.419156402384775e-4
chapter,53,1.2473522200958984e-13,2.4846026433095344e-4
chapter,54,1.2755436187309278e-13,2.554894951937571e-4
chapter,55,1.30383081612023e-13,2.6296168421939694e-4
chapter,56,1.333234067573332e-13,2.708337197967987e-4
chapter,57,1.3621029586598518e-13,2.7906126277749686e-4
chapter,58,1.390256066884619e-13,2.875990083533039e-4
chapter,59,1.4175095613045193e-13,2.9640097354550614e-4
chapter,60,1.4436784313118617e-13,3.054208089342055e-4
chapter,61,1.4685778718713214e-13,3.146121326431407e-4
chapter,62,1.492024819925052e-13,3.2392888395518495e-4
chapter,63,1.5582008438774005e-13,3.333256932843614e-4
chapter,64,1.6394880364627024e-13,3.427582645910285e-4
chapter,65,1.720347503627825e-13,3.5218376571870497e-4
chapter,66,1.800297503924994e-13,3.6156122157499825e-4
chapter,67,1.8788405679203165e-13,3.708519045962428e-4
chapter,68,1.955468467045866e-13,3.800197165454729e-4
chapter,69,2.029667555341473e-13,3.8903155541408687e-4
chapter,70,2.1009244084408e-13,3.978576610440987e-4
chapter,71,2.1687316754559294e-13,4.064719330719942e-4
chapter,72,2.2325940522778597e-13,4.14852214924814e-4
chapter,73,2.292034279463377e-13,4.229805378777899e-4
chapter,74,2.3465990645080135e-13,4.3084331960990395e-4
chapter,75,2.3958648270505223e-13,4.384315122637193e-4
chapter,76,2.439443166504626e-13,4.457406957191424e-4
chapter,77,2.4769859548006854e-13,4.527711126135381e-4
chapter,78,2.508189962316778e-13,4.5952764256554704e-4
chapter,79,2.53280093259904e-13,4.660197140664925e-4
chapter,80,2.550617030969966e-13,4.72255827788914e-4
chapter,81,2.5614916033997257e-13,4.782582848506035e-4
chapter,82,2.5653351948174296e-13,4.8405172099365035e-4
chapter,83,2.5621167900699626e-13,4.896619190580817e-4
chapter,84,2.5518642556622215e-13,4.95117805823806e-4
chapter,85,2.534663975873787e-13,5.004510122786303e-4
chapter,86,2.5106596924661826e-13,5.056953919329205e-4
chapter,87,2.4799877718511886e-13,5.108735670514028e-4
chapter,88,2.4430392116229113e-13,5.160506474710576e-4
chapter,89,2.40003640833541e-13,5.212480296202639e-4
chapter,90,2.3513266500744975e-13,5.265031308749307e-4
chapter,91,2.2972981161952537e-13,5.318527962611099e-4
chapter,92,2.2383749416087087e-13,5.373327266644289e-4
chapter,93,2.1750119225805687e-13,5.429769212343902e-4
chapter,94,2.1076889616593258e-13,5.488171425264567e-4
chapter,95,2.0369053520318139e-13,5.548824126505545e-4
chapter,96,1.9631740020043108e-13,5.611985483001733e-4
chapter,97,1.8870156984714698e-13,5.677877420304958e-4
chapter,98,1.8089535042666433e-13,5.74668196546294e-4
chapter,99,1.7295073783426428e-13,5.818538180602645e-4
chapter,100,1.674870440359546e-13,5.89353973999355e-4
chapter,101,1.765691087554282e-13,5.971733194795566e-4
chapter,102,1.8570749972206138e-13,6.053116960472063e-4
chapter,103,1.9486082794332567e-13,6.137641052054022e-4
chapter,104,2.0398569584907833e-13,6.225207582157025e-4
chapter,105,2.1303705759281056e-13,6.315672025960608e-4
chapter,106,2.219686182837738e-13,6.40884524634305e-4
chapter,107,2.307332674885813e-13,6.504496261116472e-4
chapter,108,2.3928354145195907e-13,6.602355722927944e-4
chapter,109,2.4757210767291325e-13,6.70215274192225e-4
chapter,110,2.55623127825114e-13,6.803521104564586e-4
chapter,111,2.6337547890748226e-13,6.906080478704194e-4
chapter,112,2.7071559735483944e-13,7.009454454924177e-4
chapter,113,2.775988347704493e-13,7.11325530170468e-4
chapter,114,2.8398320081560856e-13,7.217090510181503e-4
chapter,115,2.8982985959815364e-13,7.320569526734056e-4
chapter,116,2.951035926453664e-13,7.423310564891871e-4
chapter,117,2.9977322005415957e-13,7.524947383168334e-4
chapter,118,3.0381197204364516e-13,7.62513591234024e-4
chapter,119,3.0719780395811536e-13,7.723560614597843e-4
chapter,120,3.099136487662514e-13,7.819940458074156e-4
chapter,121,3.1194760225404604e-13,7.914034393669545e-4
chapter,122,3.1329303738856e-13,8.005646226921222e-4
chapter,123,3.1410112526032434e-13,8.094628785977536e-4
chapter,124,3.1431649103876263e-13,8.180887297515814e-4
chapter,125,3.1389285224993e-13,8.264381895617936e-4
chapter,126,3.128439010259148e-13,8.345129204049432e-4
chapter,127,3.111876674952226e-13,8.423202949866999e-4
chapter,128,3.089462153578445e-13,8.498733585528345e-4
chapter,129,3.061452876122579e-13,8.571906917355348e-4
chapter,130,3.0281390967624196e-13,8.642961759905031e-4
chapter,131,2.992590401408835e-13,8.712186658080041e-4
chapter,132,3.0026553781436614e-13,8.779915741166976e-4
chapter,133,3.09154663070648e-13,8.846523794902578e-4
chapter,134,3.177848832090774e-13,8.912420658593288e-4
chapter,135,3.261133063736792e-13,8.978045073708831e-4
chapter,136,3.340969157281064e-13,9.043858127702094e-4
chapter,137,3.4169291751836967e-13,9.110336451568516e-4
chapter,138,3.48859115910981e-13,9.177996477921772e-4
chapter,139,3.55554311516363e-13,9.247339955785203e-4
chapter,140,3.6203219402051737e-13,9.318833033492575e-4
chapter,141,3.6812182860726533e-13,9.392946135796318e-4
chapter,142,3.7363233533228635e-13,9.470133168365641e-4
chapter,143,3.7852736476650875e-13,9.550827105805739e-4
chapter,144,3.827738308786474e-13,9.635436581351314e-4
chapter,145,3.8634239371103014e-13,9.724343616043536e-4
chapter,146,3.8920792212156634e-13,9.817902603462658e-4
chapter,147,3.9134992798340217e-13,9.916440640649448e-4
chapter,148,3.927529632764526e-13,0.0010020259267108506
chapter,149,3.934069717466225e-13,0.0010129637642230047
chapter,150,3.9330758725281455e-13,0.0010244837157654231
chapter,151,3.9245637156656205e-13,0.0010366107445661619
chapter,152,3.9086098522619735e-13,0.001049369370828758
chapter,153,3.885352860629282e-13,0.0010627845255256876
chapter,154,3.8549935119035466e-13,0.001076882510277761
chapter,155,3.8177941955721143e-13,0.0010916920450502374
chapter,156,3.7740775357616e-13,0.0011072453821346063
chapter,157,3.7242241982654954e-13,0.0011235794619123063
chapter,158,3.6686699035068826e-13,0.0011407370832889718
chapter,159,3.607901675842007e-13,0.0011587680595171255
chapter,160,3.542453374440015e-13,0.0011777303284586469
chapter,161,3.4729005650531806e-13,0.001197690985236219
chapter,162,3.399854804969617e-13,0.001218727204737771
chapter,163,3.3240907948528046e-13,0.0012409270216126316
chapter,164,3.2477057280808065e-13,0.001264389936264979
chapter,165,3.169892857001042e-13,0.0012892273169293617
chapter,166,3.193488799190784e-13,0.001315562570211527
chapter,167,3.255461895369325e-13,0.0013435614363878504
chapter,168,3.3158101490616017e-13,0.0013733750287605645
chapter,169,3.3742932447935066e-13,0.0014051373072825398
chapter,170,3.4307051872027877e-13,0.0014390168991843264
chapter,171,3.4848773124608747e-13,0.0014751909411341898
chapter,172,3.663548463791488e-13,0.0015138434514569677
chapter,173,3.910391298290076e-13,0.0015551633990716605
chapter,174,4.174148677087077e-13,0.0015993424829708234
chapter,175,4.457412139295891e-13,0.0016465726426679718
chapter,176,4.757838216424838e-13,0.0016970433265839813
chapter,177,5.075878624923872e-13,0.0017509385516881284
chapter,178,5.411897885428153e-13,0.001808433793708637
chapter,179,5.766158830095609e-13,0.0018696927527362011
chapter,180,6.13880815624954e-13,0.001934864043920258
chapter,181,6.529862291403909e-13,0.0020040778670672036
chapter,182,6.939193849773619e-13,0.0020774427121687897
chapter,183,7.366518970039012e-13,0.0021550421601085
chapter,184,7.811385827846856e-13,0.002236931838922955
chapter,185,8.27316461382413e-13,0.0023231365959645606
chapter,186,8.751039258438411e-13,0.00241364794507508
chapter,187,9.244001168712487e-13,0.002508421845418118
chapter,188,9.751748441357662e-13,0.002607376864940101
chapter,189,1.0275034826248315e-12,0.0027103927765713487
chapter,190,1.080955769676108e-12,0.002817309629307265
chapter,191,1.1353548405965807e-12,0.002927927329318715
chapter,192,1.190505156196965e-12,0.003042005758350946
chapter,193,1.2461934222052123e-12,0.003159265448027235
chapter,194,1.3021897924486312e-12,0.0032793888194425766
chapter,195,1.358249349350135e-12,0.003402021987798462
chapter,196,1.4141138499235037e-12,0.0035268028211110232
chapter,197,1.469513720175962e-12,0.003653295145522875
chapter,198,1.5241702757608851e-12,0.0037810143607933736
chapter,199,1.5777981419923837e-12,0.00390948843189218
chapter,200,1.6301078420538423e-12,0.004038226375110956
chapter,201,1.6811890290778408e-12,0.004166722950297209
chapter,202,1.7305406075049727e-12,0.004294463643601424
chapter,203,1.7777304686593474e-12,0.004420929872029579
chapter,204,1.8224756356172768e-12,0.004545604336842155
chapter,205,1.8645028321459673e-12,0.004667976449923125
chapter,206,1.903551323493242e-12,0.004787547755710271
chapter,207,1.939375650048858e-12,0.0049038372711536
chapter,208,1.971748213327571e-12,0.005016386667440098
chapter,209,2.0004616761354317e-12,0.005124765219849372
chapter,210,2.025331141915466e-12,0.005228574456013985
chapter,211,2.0461960820506307e-12,0.0053274524379529125
chapter,212,2.0629219842387526e-12,0.005421077619403827
chapter,213,2.075401699843808e-12,0.005509172227058395
chapter,214,2.083556473258541e-12,0.005591505122145839
chapter,215,2.0879057033857194e-12,0.005667894107244294
chapter,216,2.0886701074136913e-12,0.005738207652050054
chapter,217,2.085061944940637e-12,0.005802366020922472
chapter,218,2.077109266754597e-12,0.005860341794169371
chapter,219,2.0648684286097606e-12,0.005912159784072977
chapter,220,2.048423298377661e-12,0.005957896355417129
chapter,221,2.02788417849308e-12,0.005997678168614009
chapter,222,2.003386463748593e-12,0.006031680371308849
chapter,223,1.975089057786711e-12,0.006060124271448003
chapter,224,1.943172574420957e-12,0.006083274531132429
chapter,225,1.907837352160186e-12,0.006101374393584598
chapter,226,1.8693013120007877e-12,0.0061147552375084915
chapter,227,1.8277976896880497e-12,0.006123887688927365
chapter,228,1.7835726742409521e-12,0.006129175953765974
chapter,229,1.7368829846044321e-12,0.006131047538860508
chapter,230,1.687993415868459e-12,0.006129948625006772
chapter,231,1.6371743856106265e-12,0.006126339347264707
chapter,232,1.5846995096203212e-12,0.006120689039448525
chapter,233,1.5334069167148308e-12,0.006113471497862799
chapter,234,1.5582199614037631e-12,0.006105160316781871
chapter,235,1.5814565186637632e-12,0.006096224344993815
chapter,236,1.603100518727493e-12,0.0060871233090277485
chapter,237,1.623149836712279e-12,0.006078303644544138
chapter,238,1.6416164040347935e-12,0.006070194572883523
chapter,239,1.6585261109920976e-12,0.006063204455030944
chapter,240,1.6739184921679688e-12,0.006057717450350831
chapter,241,1.6878461900696581e-12,0.006054090502466387
chapter,242,1.7003741964660433e-12,0.006052650669680533
chapter,243,1.7115788752050287e-12,0.006053692812438259
chapter,244,1.7215467747457823e-12,0.006057477645582473
chapter,245,1.7303732431519158e-12,0.006064230158619268
chapter,246,1.7381608627493013e-12,0.006074138402938162
chapter,247,1.7450177259477307e-12,0.006087352640973793
chapter,248,1.7510555777488764e-12,0.006103984848684769
chapter,249,1.7563878541057404e-12,0.006124108559490411
chapter,250,1.7611276484582408e-12,0.006147759034966115
chapter,251,1.7653856413507117e-12,0.0061749337451627775
chapter,252,1.7692680299573718e-12,0.006205593139387042
chapter,253,1.772874495531168e-12,0.006239661686650733
chapter,254,1.776296247197779e-12,0.0062770649887521675
chapter,255,1.7796141801051303e-12,0.006317682091593788
chapter,256,1.7828971846952545e-12,0.006361266803976601
chapter,257,1.786200641795916e-12,0.006407612205672448
chapter,258,1.7895651353616812e-12,0.006456484105408336
chapter,259,1.7930154110760047e-12,0.006507623232540999
chapter,260,1.8144227114099898e-12,0.006560747532988434
chapter,261,1.85693342511801e-12,0.006615554547463859
chapter,262,1.896961930106451e-12,0.00667172385089709
chapter,263,1.934315427113971e-12,0.006728919532865652
chapter,264,1.968818034693656e-12,0.006786792699863824
chapter,265,2.0003122847571306e-12,0.006844983981288037
chapter,266,2.0286603774265474e-12,0.0069031260220909505
chapter,267,2.0537451800462083e-12,0.0069608459461388125
chapter,268,2.0754709602052507e-12,0.007017767775385968
chapter,269,2.093763847772465e-12,0.0070735147910506585
chapter,270,2.108572026111277e-12,0.00712771182403494
chapter,271,2.11986565769543e-12,0.00717998746288041
chapter,272,2.1276365541555737e-12,0.0072299761685946755
chapter,273,2.1318976052357936e-12,0.0072773202867279395
chapter,274,2.1326819851192705e-12,0.007321671948132358
chapter,275,2.130042158004099e-12,0.007362694850907315
chapter,276,2.1241159809917564e-12,0.007400300293828972
chapter,277,2.1148725705720114e-12,0.007433770508468721
chapter,278,2.116617804737874e-12,0.007463002197607875
chapter,279,2.1397379866770623e-12,0.007487723472011433
chapter,280,2.1601843658624826e-12,0.007507681480543784
chapter,281,2.1777312367541627e-12,0.007522643462100439
chapter,282,2.1921687466455742e-12,0.00753239766563694
chapter,283,2.2033054105551275e-12,0.007536701009512059
chapter,284,2.210970439292301e-12,0.007535305503728042
chapter,285,2.2150158465054164e-12,0.007528192384367138
chapter,286,2.2153183035719704e-12,0.007515242626622305
chapter,287,2.2117807147624203e-12,0.007496360940284232
chapter,288,2.204333489138033e-12,0.0074714759518545535
chapter,289,2.1929354900691325e-12,0.007440540285229332
chapter,290,2.177574648012029e-12,0.007403530546921102
chapter,291,2.1582682271865534e-12,0.007360447221623052
chapter,292,2.1592647600739776e-12,0.007311314483543911
chapter,293,2.19336017549536e-12,0.007256179928365689
chapter,294,2.2260996185434673e-12,0.007195114229918491
chapter,295,2.2572770927014306e-12,0.007128210724755873
chapter,296,2.28668440720938e-12,0.007055584926789806
chapter,297,2.3141134265156797e-12,0.006977373973054333
chapter,298,2.3394658009911634e-12,0.006893736000566513
chapter,299,2.3632108635355377e-12,0.006804849453203759
chapter,300,2.3843029568188976e-12,0.006710912316582036
chapter,301,2.4025548346131486e-12,0.006612141278164219
chapter,302,2.4177926129738394e-12,0.006508770809313295
chapter,303,2.429858201780592e-12,0.006401052165785974
chapter,304,2.4386115902324223e-12,0.00628925230328327
chapter,305,2.4439329400073284e-12,0.0061736527051671885
chapter,306,2.445724442427993e-12,0.006054548120332515
chapter,307,2.4439118998437446e-12,0.005932245210486688
chapter,308,2.438445996478854e-12,0.005807061107717067
chapter,309,2.429303230098563e-12,0.005679321885170895
chapter,310,2.416486482854174e-12,0.005549360945878607
chapter,311,2.4000252173941763e-12,0.005417517337136669
chapter,312,2.3799752925440022e-12,0.0052841194096147105
chapter,313,2.3564184013122025e-12,0.005149492433725049
chapter,314,2.329461142410071e-12,0.005014037554959625
chapter,315,2.2992337446062955e-12,0.00487809880453197
chapter,316,2.265888470816676e-12,0.004742016591244988
chapter,317,2.2295977356106848e-12,0.0046061258505758415
chapter,318,2.190551975590436e-12,0.0044707542337653955
chapter,319,2.1489573166932288e-12,0.004336220358386635
chapter,320,2.1050330857624806e-12,0.004202832141600337
chapter,321,2.0590092156525696e-12,0.00407088523645264
chapter,322,2.0111235936635615e-12,0.003940661590151076
chapter,323,1.9616194022784653e-12,0.0038124281413179006
chapter,324,1.9107424990846126e-12,0.0036864356708294285
chapter,325,1.858738879532021e-12,0.0035629178180917815
chapter,326,1.8058522619810465e-12,0.003442090271573399
chapter,327,1.752503643006582e-12,0.003324150139217861
chapter,328,1.6989106378602683e-12,0.003209275501103293
chapter,329,1.6451074810944351e-12,0.0030976251435013815
chapter,330,1.5913063455616163e-12,0.0029893384704163693
chapter,331,1.5377083329921972e-12,0.0028845355858380106
chapter,332,1.484502290436724e-12,0.0027833175373940732
chapter,333,1.4318638641968582e-12,0.002685766709892729
chapter,334,1.37995478715751e-12,0.002591947355441989
chapter,335,1.3289223911219387e-12,0.0025019062454429033
chapter,336,1.2788993320834747e-12,0.0024156734287815416
chapter,337,1.2300035133774543e-12,0.0023332630799810833
chapter,338,1.1823381893526432e-12,0.002254674420898633
chapter,339,1.1359922305664366e-12,0.002179892699727397
chapter,340,1.0910405305056559e-12,0.0021088902115549185
chapter,341,1.047544533412035e-12,0.00204165792113165
chapter,342,1.0055528628841205e-12,0.0019782589891786965
chapter,343,9.651020314634439e-13,0.0019184906354924051
chapter,344,9.262172123170486e-13,0.0018622827236017114
chapter,345,8.889130553250612e-13,0.0018095575331364927
chapter,346,8.531945312978894e-13,0.0017602307668103442
chapter,347,8.190577896143833e-13,0.0017142125175262388
chapter,348,7.864910162279907e-13,0.0016714081894693116
chapter,349,7.554752806778503e-13,0.0016317193683615646
chapter,350,7.259853624194671e-13,0.0015950446372831257
chapter,351,6.985524527840805e-13,0.0015612803355977715
chapter,352,7.02464278670084e-13,0.0015303212595470209
bootstrap,10,8.418619346761638e-13,6.416123878931665e-4
bootstrap,11,8.11100505040711e-13,6.17413098170899e-4
bootstrap,12,7.806392693385709e-13,5.937239277351621e-4
bootstrap,13,7.505045561059604e-13,5.705646979831482e-4
bootstrap,14,7.207230170114102e-13,5.479553534063549e-4
bootstrap,15,6.913215429817958e-13,5.259159180767821e-4
bootstrap,16,6.623271712060582e-13,5.044664453792451e-4
bootstrap,17,6.33766982960161e-13,4.836269609328658e-4
bootstrap,18,6.056679923238426e-13,4.6341739870533436e-4
bootstrap,19,5.780570260048923e-13,4.438575303908155e-4
bootstrap,20,5.509605946494111e-13,4.2496688819561844e-4
bootstrap,21,5.24404756195634e-13,4.067646812539645e-4
bootstrap,22,4.9841497202247e-13,3.8926970597809866e-4
bootstrap,23,4.730159568492006e-13,3.7250025073104763e-4
bootstrap,24,4.482315235561116e-13,3.5647399529476745e-4
bootstrap,25,4.2408442431269215e-13,3.41207905689291e-4
bootstrap,26,4.0059618961496123e-13,3.2671812497778586e-4
bootstrap,27,3.7778696704017634e-13,3.130198607659999e-4
bootstrap,28,3.5567536171866097e-13,3.0012727017049147e-4
bootstrap,29,3.3427828069113845e-13,2.880533430864309e-4
bootstrap,30,3.1361078345789845e-13,2.768097846312984e-4
bootstrap,31,2.9368594112538047e-13,2.664068976742252e-4
bootstrap,32,2.7451470660868407e-13,2.56860148015483e-4
bootstrap,33,2.5610579834811487e-13,2.4818097072967126e-4
bootstrap,34,2.384655999382745e-13,2.4036684334412776e-4
bootstrap,35,2.2159807794499654e-13,2.3342074805314135e-4
bootstrap,36,2.0550471999612753e-13,2.2734371834103343e-4
bootstrap,37,1.9018449497651288e-13,2.221347463724845e-4
bootstrap,38,1.7563383683782352e-13,2.177906961898734e-4
bootstrap,39,1.6184665315500855e-13,2.1430622356469675e-4
bootstrap,40,1.4881435913084517e-13,2.1167370335706647e-4
bootstrap,41,1.365259372785624e-13,2.0988316525644856e-4
bootstrap,42,1.2496802251246902e-13,2.0892223881038976e-4
bootstrap,43,1.1412501186249006e-13,2.08776108697274e-4
bootstrap,44,1.0397919751645328e-13,2.0942748126403198e-4
bootstrap,45,1.0123138871844442e-13,2.10856563428435e-4
bootstrap,46,1.0355228436627678e-13,2.1304105513459293e-4
bootstrap,47,1.0604828249568095e-13,2.1595615664413476e-4
bootstrap,48,1.087029801711099e-13,2.1957459203708043e-4
bootstrap,49,1.1141925261223785e-13,2.2386665037676837e-4
bootstrap,50,1.1418386227665084e-13,2.2880024605226692e-4
bootstrap,51,1.1698297907225322e-13,2.3434099983849862e-4
bootstrap,52,1.1980219940547604e-13,2.4045234219760952e-4
bootstrap,53,1.2262657163930153e-13,2.4709564027401953e-4
bootstrap,54,1.254406294251273e-13,2.542303499002959e-4
bootstrap,55,1.2839435576367448e-13,2.618141937233901e-4
bootstrap,56,1.3133568138984354e-13,2.69803366275191e-4
bootstrap,57,1.3422625562375673e-13,2.781527664451379e-4
bootstrap,58,1.3704788815127e-13,2.8681625736644707e-4
bootstrap,59,1.3978211164625358e-13,2.957488298558326e-4
bootstrap,60,1.4241030208724434e-13,3.049043903352534e-4
bootstrap,61,1.4491381570079615e-13,3.1422935378655535e-4
bootstrap,62,1.4727414211091138e-13,3.2367661755949785e-4
bootstrap,63,1.535124065685995e-13,3.331997640392032e-4
bootstrap,64,1.6164980282514396e-13,3.4275345305183894e-4
bootstrap,65,1.6975051838535886e-13,3.5229382369887505e-4
bootstrap,66,1.7776587759028176e-13,3.617789003415759e-4
bootstrap,67,1.8564553774962929e-13,3.711689969170907e-4
bootstrap,68,1.9333799567739834e-13,3.804271133272068e-4
bootstrap,69,2.0079113371350675e-13,3.8951931732042076e-4
bootstrap,70,2.079527974513353e-13,3.9841510510418187e-4
bootstrap,71,2.1477139645860284e-13,4.0708773389000024e-4
bootstrap,72,2.2119651850880916e-13,4.1551451969825705e-4
bootstrap,73,2.2717954725722332e-13,4.236770940358796e-4
bootstrap,74,2.326742729195422e-13,4.3156161350750387e-4
bootstrap,75,2.376374853585508e-13,4.3915891702322855e-4
bootstrap,76,2.420295390644193e-13,4.464646260127074e-4
bootstrap,77,2.458148798317039e-13,4.5347918393072976e-4
bootstrap,78,2.489625234884308e-13,4.602078323242471e-4
bootstrap,79,2.514464778110753e-13,4.666605218024813e-4
bootstrap,80,2.532460997487471e-13,4.7285175738515534e-4
bootstrap,81,2.543463812592859e-13,4.788003788723457e-4
bootstrap,82,2.5473815840258677e-13,4.8452927805556293e-4
bootstrap,83,2.5441823981073544e-13,4.900650557462028e-4
bootstrap,84,2.5338945222489025e-13,4.954376227083948e-4
bootstrap,85,2.516606024168093e-13,5.006797496242288e-4
bootstrap,86,2.492394113294603e-13,5.058122805279159e-4
bootstrap,87,2.46161572301365e-13,5.109029307460691e-4
bootstrap,88,2.4244407678921146e-13,5.159755584368337e-4
bootstrap,89,2.3811771756780284e-13,5.210691775794113e-4
bootstrap,90,2.332179038157943e-13,5.262227979058765e-4
bootstrap,91,2.2778419618438256e-13,5.314748240570486e-4
bootstrap,92,2.2185979549114674e-13,5.368624606439559e-4
bootstrap,93,2.1549099476745305e-13,5.424211322507668e-4
bootstrap,94,2.0872660489600429e-13,5.481839272438291e-4
bootstrap,95,2.0161736434299566e-13,5.541810739491753e-4
bootstrap,96,1.9421534351560973e-13,5.604394573370429e-4
bootstrap,97,1.865733540654907e-13,5.669821838166174e-4
bootstrap,98,1.7874437302392293e-13,5.738282011078513e-4
bootstrap,99,1.7078099101192032e-13,5.809919794300106e-4
bootstrap,100,1.6562385467368661e-13,5.884832594384129e-4
bootstrap,101,1.7470932605365537e-13,5.963068714607279e-4
bootstrap,102,1.8385723537940528e-13,6.044626296406369e-4
bootstrap,103,1.9302595024975207e-13,6.129453035973329e-4
bootstrap,104,2.0217174857167937e-13,6.217446691616355e-4
bootstrap,105,2.1124918380197189e-13,6.308456386604871e-4
bootstrap,106,2.2021149095886025e-13,6.402284700987394e-4
bootstrap,107,2.29011028662978e-13,6.498690534385286e-4
bootstrap,108,2.3759975152493005e-13,6.597392710112873e-4
bootstrap,109,2.4592970633107776e-13,6.698074279263948e-4
bootstrap,110,2.540620430845053e-13,6.800387471762323e-4
bootstrap,111,2.618615242239972e-13,6.903959229948529e-4
bootstrap,112,2.6924963303135635e-13,7.008397249237487e-4
bootstrap,113,2.761810270606416e-13,7.113296439928024e-4
bootstrap,114,2.8261305085585525e-13,7.218234229898768e-4
bootstrap,115,2.885062474217395e-13,7.322785452473585e-4
bootstrap,116,2.9382483545802617e-13,7.426549525974831e-4
bootstrap,117,2.985371435493722e-13,7.529142065258778e-4
bootstrap,118,3.026159931571072e-13,7.630201738727753e-4
bootstrap,119,3.06039023115895e-13,7.72939693880985e-4
bootstrap,120,3.0878894938199404e-13,7.82643205583942e-4
bootstrap,121,3.108537549878347e-13,7.921053235846525e-4
bootstrap,122,3.1222680650273937e-13,8.013053508512503e-4
bootstrap,123,3.1302223513318943e-13,8.102277179932297e-4
bootstrap,124,3.132627180918883e-13,8.188623395846739e-4
bootstrap,125,3.128621965504944e-13,8.272048794605599e-4
bootstrap,126,3.1183474176056667e-13,8.352569185156378e-4
bootstrap,127,3.1019882896270527e-13,8.43026020361114e-4
bootstrap,128,3.079770195267789e-13,8.505256922136664e-4
bootstrap,129,3.0519559165491073e-13,8.577752405682677e-4
bootstrap,130,3.0188412729067777e-13,8.647995234985441e-4
bootstrap,131,2.9831075517216806e-13,8.716286037879256e-4
bootstrap,132,2.9735309071395716e-13,8.782973094690812e-4
bootstrap,133,3.0623577323518457e-13,8.848447106821684e-4
bootstrap,134,3.148642615777635e-13,8.913135239964937e-4
bootstrap,135,3.231953055697515e-13,8.977494574171054e-4
bootstrap,136,3.3120004762013127e-13,9.042005111605954e-4
bootstrap,137,3.3885838781536176e-13,9.107162508787307e-4
bootstrap,138,3.4610550343690723e-13,9.173470712844561e-4
bootstrap,139,3.528986309215462e-13,9.241434690479423e-4
bootstrap,140,3.595329095435462e-13,9.311553443432953e-4
bootstrap,141,3.6563359898502696e-13,9.384394282474805e-4
bootstrap,142,3.711542473152716e-13,9.460396511154709e-4
bootstrap,143,3.760576557802236e-13,9.539980312696087e-4
bootstrap,144,3.8030988563558863e-13,9.623560470658023e-4
bootstrap,145,3.838807580429723e-13,9.711521609774811e-4
bootstrap,146,3.867443346019746e-13,9.80421694388773e-4
bootstrap,147,3.888793694928042e-13,9.901968449336307e-4
bootstrap,148,3.9026972422393627e-13,0.0010005068532878397
bootstrap,149,3.909047362109261e-13,0.00101137832301458
bootstrap,150,3.9077953286010197e-13,0.0010228356935161633
bootstrap,151,3.898952834926048e-13,0.0010349018624202719
bootstrap,152,3.8825938231187564e-13,0.0010475989498995887
bootstrap,153,3.85885556676507e-13,0.0010609491935651368
bootstrap,154,3.8279389616957993e-13,0.001074975958765157
bootstrap,155,3.7901079932895293e-13,0.0010897048454442623
bootstrap,156,3.745688363892366e-13,0.0011051648692540594
bootstrap,157,3.6950652795025145e-13,0.0011213896914377183
bootstrap,158,3.638680410906515e-13,0.001138418869216347
bootstrap,159,3.5770280604939167e-13,0.001156299096060173
bootstrap,160,3.510650581615345e-13,0.0011750853994029783
bootstrap,161,3.4401331121912163e-13,0.001194842262118038
bootstrap,162,3.36609769794979e-13,0.0012156446334739685
bootstrap,163,3.2897088276343933e-13,0.0012375787953758204
bootstrap,164,3.212843523420774e-13,0.0012607430505061263
bootstrap,165,3.1354212365522663e-13,0.001285248200535557
bootstrap,166,3.176765553516255e-13,0.0013112177848832963
bootstrap,167,3.239175840022723e-13,0.0013387880535681044
bootstrap,168,3.299924604184897e-13,0.0013681460347524511
bootstrap,169,3.3587667442634416e-13,0.001399449928984699
bootstrap,170,3.41549309341472e-13,0.001432846969949975
bootstrap,171,3.4699335555621103e-13,0.0014685187055917084
bootstrap,172,3.5860269569518806e-13,0.0015066544027572176
bootstrap,173,3.8280141178484264e-13,0.0015474490796698887
bootstrap,174,4.0858979062356673e-13,0.0015911012310629085
bootstrap,175,4.3630998469398266e-13,0.0016378102665184897
bootstrap,176,4.658416896401993e-13,0.0016877736894773802
bootstrap,177,4.971372292006844e-13,0.001741184051114633
bootstrap,178,5.302369605346562e-13,0.0017982257196652912
bootstrap,179,5.651712179330323e-13,0.0018590715116734143
bootstrap,180,6.019588104074297e-13,0.0019238792368783508
bootstrap,181,6.406055452067844e-13,0.001992788212898757
bootstrap,182,6.811028064038173e-13,0.0020659158093943274
bootstrap,183,7.234262188250012e-13,0.0021433540838589065
bootstrap,184,7.67534428106416e-13,0.00222516657252702
bootstrap,185,8.133680274918274e-13,0.0023113852999813943
bootstrap,186,8.608486611120907e-13,0.002402008069879782
bootstrap,187,9.098783318780563e-13,0.002496996096751107
bootstrap,188,9.603389397831842e-13,0.0025962720350491495
bootstrap,189,1.0124554204738281e-12,0.0026997184566329873
bootstrap,190,1.0657523010340112e-12,0.002807176821634567
bootstrap,191,1.12004131178499e-12,0.0029184469803727035
bootstrap,192,1.1751271076826197e-12,0.0030332872357059122
bootstrap,193,1.2307959781605055e-12,0.003151414986137137
bootstrap,194,1.286817047236934e-12,0.003272507960266485
bootstrap,195,1.3429437628160166e-12,0.0033962373201274427
bootstrap,196,1.3989156634017886e-12,0.0035222003477143314
bootstrap,197,1.454460404877321e-12,0.0036499142652776932
bootstrap,198,1.5092960246477689e-12,0.003778919733487238
bootstrap,199,1.5631334154390898e-12,0.0039087329943914804
bootstrap,200,1.615828217540929e-12,0.004038850360819469
bootstrap,201,1.6673079167906792e-12,0.004168753077695062
bootstrap,202,1.716932474274517e-12,0.004297912489043423
bootstrap,203,1.7644072658370112e-12,0.004425795438658961
bootstrap,204,1.8094443846239048e-12,0.004551869827919895
bootstrap,205,1.851765633233716e-12,0.004675610251165558
bootstrap,206,1.891105450359019e-12,0.004796503627454844
bootstrap,207,1.9272137279296124e-12,0.004914054747419269
bootstrap,208,1.9598584764739284e-12,0.005027791655299313
bootstrap,209,1.9888282989462094e-12,0.005137270789061795
bootstrap,210,2.013934636560733e-12,0.005242081805661259
bootstrap,211,2.0350137541489614e-12,0.005341852023923369
bootstrap,212,2.051928437112498e-12,0.005436250424061148
bootstrap,213,2.064569377074798e-12,0.005524991150332528
bootstrap,214,2.072856228718597e-12,0.0056078364716401884
bootstrap,215,2.0769083714619314e-12,0.005684599163780243
bootstrap,216,2.0777169401740374e-12,0.005755144286376057
bootstrap,217,2.0741237165160505e-12,0.005819390337096228
bootstrap,218,2.0661575053806866e-12,0.005877309775362977
bootstrap,219,2.053875945854088e-12,0.0059289289172271935
bootstrap,220,2.0373646856895024e-12,0.005974327212248287
bootstrap,221,2.016736263337645e-12,0.006013635921914102
bootstrap,222,1.992128718618915e-12,0.00604698893782076
bootstrap,223,1.963703956504225e-12,0.006074526309521839
bootstrap,224,1.9316458913097235e-12,0.006096678333296661
bootstrap,225,1.896158400880822e-12,0.0061137630262030635
bootstrap,226,1.857463122030842e-12,0.006126135326957492
bootstrap,227,1.8157971196104019e-12,0.006134182949279667
bootstrap,228,1.7714104621285017e-12,0.006138321964331561
bootstrap,229,1.7245637368484517e-12,0.006138992172323093
bootstrap,230,1.6755255367734094e-12,0.006136652323865703
bootstrap,231,1.6245699509575765e-12,0.006131775251244129
bootstrap,232,1.5719740881746942e-12,0.006124842968505083
bootstrap,233,1.5220117324987142e-12,0.006116341797199043
bootstrap,234,1.546541477826887e-12,0.006106757571837423
bootstrap,235,1.5694804614667704e-12,0.006096570975728634
bootstrap,236,1.590812993267958e-12,0.006086253053924521
bootstrap,237,1.6105376622102412e-12,0.006076260945637984
bootstrap,238,1.6286674672882106e-12,0.006067033873779165
bootstrap,239,1.6452297335649452e-12,0.006058989424296298
bootstrap,240,1.6602658042525506e-12,0.0060525201428912575
bootstrap,241,1.6738305035418495e-12,0.0060479904714981466
bootstrap,242,1.6859913691154137e-12,0.0060457340417501455
bootstrap,243,1.6968276577557747e-12,0.006046051337593585
bootstrap,244,1.7064291321109043e-12,0.0060492077343098785
bootstrap,245,1.7148946413983395e-12,0.006055431916538972
bootstrap,246,1.7223305135072773e-12,0.006064914673517166
bootstrap,247,1.7288487804787726e-12,0.006077808065693628
bootstrap,248,1.7345652635916585e-12,0.0060942249532103575
bootstrap,249,1.7395975481404412e-12,0.0061142478240447185
bootstrap,250,1.7440628813519252e-12,0.0061380175353308395
bootstrap,251,1.7480760296481963e-12,0.0061654116845266576
bootstrap,252,1.7517471335355199e-12,0.006196384820469261
bootstrap,253,1.7551795997069708e-12,0.0062308549903314575
bootstrap,254,1.758468070433745e-12,0.006268705119031218
bootstrap,255,1.7616965099481854e-12,0.006309784611097524
bootstrap,256,1.7649364462736755e-12,0.006353911150725989
bootstrap,257,1.7682454048378674e-12,0.006400872675668031
bootstrap,258,1.7716655672439732e-12,0.006450429500782947
bootstrap,259,1.7752226848197334e-12,0.0065023165675057405
bootstrap,260,1.7960839931547982e-12,0.00655624579610619
bootstrap,261,1.8384058002798266e-12,0.006611908518398959
bootstrap,262,1.8782504668799555e-12,0.006668977969474266
bootstrap,263,1.9154243910209618e-12,0.00672711181802056
bootstrap,264,1.9497511591150656e-12,0.0067859547158748475
bootstrap,265,1.9810730615127893e-12,0.006845140848537153
bootstrap,266,2.009252359158291e-12,0.0069042964695023076
bootstrap,267,2.0341722858302395e-12,0.006963042402378868
bootstrap,268,2.055737775744043e-12,0.007020996495870719
bootstrap,269,2.0738759116985724e-12,0.007077776017785763
bootstrap,270,2.0885360943705412e-12,0.00713299997530684
bootstrap,271,2.099689938650663e-12,0.0071862913498149834
bootstrap,272,2.107330907942464e-12,0.00723727923560024
bootstrap,273,2.1114737019795206e-12,0.007285600872838538
bootstrap,274,2.112153417847727e-12,0.0073309035662640284
bootstrap,275,2.109424507429227e-12,0.00737284648203467
bootstrap,276,2.10335955733853e-12,0.007411102316383686
bootstrap,277,2.094120941048448e-12,0.00744548581646938
bootstrap,278,2.108898194630684e-12,0.007475348152269819
bootstrap,279,2.131983275189115e-12,0.007500635943425218
bootstrap,280,2.1523842958725115e-12,0.007521095090780976
bootstrap,281,2.169871644733036e-12,0.007536491976932844
bootstrap,282,2.1842318745971216e-12,0.007546614358047808
bootstrap,283,2.19527028592021e-12,0.0075512721239124145
bootstrap,284,2.2028133158891014e-12,0.007550297929506921
bootstrap,285,2.206710698463091e-12,0.00754354770233412
bootstrap,286,2.206837363263538e-12,0.0075309010305394395
bootstrap,287,2.203095044972637e-12,0.007512261437515992
bootstrap,288,2.1954135791256024e-12,0.007487556549168718
bootstrap,289,2.1837518648083147e-12,0.0074567381602928026
bootstrap,290,2.168098479730761e-12,0.00741978220658607
bootstrap,291,2.148471938356264e-12,0.007376688648652389
bootstrap,292,2.145142252811986e-12,0.007327481273961146
bootstrap,293,2.179180264994672e-12,0.007272207422114199
bootstrap,294,2.2118680553050498e-12,0.007210937637954047
bootstrap,295,2.242996945523162e-12,0.00714376525605416
bootstrap,296,2.2723558149987335e-12,0.007070805919004012
bootstrap,297,2.2997333979144352e-12,0.0069921970306867825
bootstrap,298,2.325808432900278e-12,0.006908097144505366
bootstrap,299,2.3494745172221506e-12,0.006818685285307177
bootstrap,300,2.3704734798125417e-12,0.006724160202659746
bootstrap,301,2.388614744557313e-12,0.006624739552207581
bootstrap,302,2.4037212539682557e-12,0.006520659001164559
bootstrap,303,2.4156319793551897e-12,0.006412171253627258
bootstrap,304,2.4242042835045134e-12,0.006299435716388329
bootstrap,305,2.4293160874746597e-12,0.006182819608830339
bootstrap,306,2.4308677957481124e-12,0.006062664088432009
bootstrap,307,2.4287839379159595e-12,0.005939279708566076
bootstrap,308,2.4230144902508674e-12,0.005812987749932805
bootstrap,309,2.413535846837826e-12,0.005684118694669004
bootstrap,310,2.4003514172204948e-12,0.0055530106117885406
bootstrap,311,2.383491835584717e-12,0.005420007460746555
bootstrap,312,2.3630147751029525e-12,0.005285457322643876
bootstrap,313,2.339004369940018e-12,0.005149710571323465
bootstrap,314,2.311570256290407e-12,0.00501311799923826
bootstrap,315,2.2808462523944748e-12,0.004876028915371778
bootstrap,316,2.246988705485959e-12,0.004738789234555713
bootstrap,317,2.21017454079781e-12,0.004601739579151524
bootstrap,318,2.1705990538704475e-12,0.0044652134151614
bootstrap,319,2.128473492281031e-12,0.004329535245345559
bootstrap,320,2.0840224764099868e-12,0.004195018881810977
bootstrap,321,2.0374813109027492e-12,0.004061965819790861
bootstrap,322,1.9890932390498875e-12,0.0039306637329730556
bootstrap,323,1.939106691434419e-12,0.0038013851088024814
bootstrap,324,1.8877725779718338e-12,0.00367438603974649
bootstrap,325,1.835341669034523e-12,0.0035499051836594105
bootstrap,326,1.7820621068851356e-12,0.003428162903217004
bootstrap,327,1.728177083348916e-12,0.0033093605910243054
bootstrap,328,1.6742183127645224e-12,0.003193680183547166
bootstrap,329,1.6201565058019527e-12,0.0030812838635920475
bootstrap,330,1.5661430885158479e-12,0.0029723139477663934
bootstrap,331,1.5123811552221468e-12,0.0028669723820193937
bootstrap,332,1.4590609857900123e-12,0.0027653565228400088
bootstrap,333,1.4063591012124373e-12,0.0026674889396990017
bootstrap,334,1.354437562640832e-12,0.0025734330581767325
bootstrap,335,1.3034435044916914e-12,0.0024832343099508904
bootstrap,336,1.2535088884110794e-12,0.002396920930636626
bootstrap,337,1.2047504617893676e-12,0.002314504852311199
bootstrap,338,1.1572699021600775e-12,0.0022359826732121285
bootstrap,339,1.1111541271728113e-12,0.0021613366872825744
bootstrap,340,1.0664757488591651e-12,0.002090535956765119
bootstrap,341,1.0232936505533835e-12,0.002023537411864945
bootstrap,342,9.816536650153919e-13,0.001960286962561838
bootstrap,343,9.41589332953981e-13,0.0019007206088933037
bootstrap,344,9.031227221804648e-13,0.0018447655374055328
bootstrap,345,8.662652889560346e-13,0.001792341192925167
bootstrap,346,8.310187646507882e-13,0.001743360316297552
bootstrap,347,7.973760525357373e-13,0.0016977299402264829
bootstrap,348,7.653221213151612e-13,0.0016553523368024283
bootstrap,349,7.348348838177042e-13,0.0016161259116927648
bootstrap,350,7.05951776716296e-13,0.0015799460412669049
bootstrap,351,6.791796533551228e-13,0.0015467058501251675
bootstrap,352,6.95477133991816e-13,0.0015162969275820074
