location,class_99,class_999,changed
Anhua,sporadic coldspot,sporadic coldspot,FALSE
Anren,sporadic hotspot,sporadic hotspot,FALSE
Anxiang,oscilating hotspot,oscilating hotspot,FALSE
Baojing,sporadic coldspot,sporadic coldspot,FALSE
Chaling,oscilating hotspot,oscilating hotspot,FALSE
Changning,no pattern detected,oscilating coldspot,TRUE
Changsha,sporadic hotspot,sporadic hotspot,FALSE
Chengbu,sporadic coldspot,sporadic coldspot,FALSE
Chenxi,sporadic coldspot,sporadic coldspot,FALSE
Cili,sporadic coldspot,sporadic coldspot,FALSE
Dao,sporadic coldspot,sporadic coldspot,FALSE
Dongan,sporadic coldspot,sporadic coldspot,FALSE
Dongkou,sporadic coldspot,sporadic coldspot,FALSE
Fenghuang,sporadic coldspot,sporadic coldspot,FALSE
Guidong,oscilating hotspot,oscilating hotspot,FALSE
Guiyang,sporadic hotspot,sporadic hotspot,FALSE
Guzhang,sporadic coldspot,sporadic coldspot,FALSE
Hanshou,sporadic coldspot,sporadic coldspot,FALSE
Hengdong,oscilating hotspot,oscilating hotspot,FALSE
Hengnan,no pattern detected,oscilating coldspot,TRUE
Hengshan,sporadic coldspot,sporadic coldspot,FALSE
Hengyang,sporadic coldspot,sporadic coldspot,FALSE
Hongjiang,sporadic coldspot,sporadic coldspot,FALSE
Huarong,oscilating hotspot,oscilating hotspot,FALSE
Huayuan,sporadic coldspot,sporadic coldspot,FALSE
Huitong,sporadic coldspot,sporadic coldspot,FALSE
Jiahe,no pattern detected,oscilating coldspot,TRUE
Jianghua,sporadic coldspot,sporadic coldspot,FALSE
Jiangyong,sporadic coldspot,sporadic coldspot,FALSE
Jingzhou,sporadic coldspot,sporadic coldspot,FALSE
Jinshi,sporadic hotspot,sporadic hotspot,FALSE
Jishou,sporadic coldspot,sporadic coldspot,FALSE
Lanshan,sporadic coldspot,sporadic coldspot,FALSE
Leiyang,oscilating coldspot,oscilating coldspot,FALSE
Lengshuijiang,sporadic hotspot,sporadic hotspot,FALSE
Li,sporadic hotspot,sporadic hotspot,FALSE
Lianyuan,oscilating hotspot,oscilating hotspot,FALSE
Liling,sporadic hotspot,sporadic hotspot,FALSE
Linli,sporadic hotspot,sporadic hotspot,FALSE
Linwu,no pattern detected,oscilating coldspot,TRUE
Linxiang,oscilating hotspot,oscilating hotspot,FALSE
Liuyang,sporadic hotspot,consecutive hotspot,TRUE
Longhui,sporadic coldspot,sporadic coldspot,FALSE
Longshan,sporadic coldspot,sporadic coldspot,FALSE
Luxi,sporadic coldspot,sporadic coldspot,FALSE
Mayang,sporadic coldspot,sporadic coldspot,FALSE
Miluo,sporadic hotspot,sporadic hotspot,FALSE
Nan,oscilating hotspot,oscilating hotspot,FALSE
Ningxiang,sporadic hotspot,sporadic hotspot,FALSE
Ningyuan,sporadic coldspot,sporadic coldspot,FALSE
Pingjiang,consecutive hotspot,sporadic hotspot,TRUE
Qidong,sporadic coldspot,sporadic coldspot,FALSE
Qiyang,sporadic coldspot,sporadic coldspot,FALSE
Rucheng,oscilating hotspot,sporadic hotspot,TRUE
Sangzhi,sporadic coldspot,sporadic coldspot,FALSE
Shaodong,sporadic coldspot,sporadic coldspot,FALSE
Shaoshan,sporadic hotspot,sporadic hotspot,FALSE
Shaoyang,sporadic coldspot,sporadic coldspot,FALSE
Shimen,oscilating coldspot,oscilating coldspot,FALSE
Shuangfeng,oscilating hotspot,oscilating hotspot,FALSE
Shuangpai,sporadic coldspot,sporadic coldspot,FALSE
Suining,sporadic coldspot,sporadic coldspot,FALSE
Taojiang,sporadic hotspot,sporadic hotspot,FALSE
Taoyuan,sporadic coldspot,sporadic coldspot,FALSE
Tongdao,sporadic coldspot,sporadic coldspot,FALSE
Wangcheng,sporadic hotspot,sporadic hotspot,FALSE
Wugang,sporadic coldspot,sporadic coldspot,FALSE
Xiangtan,sporadic hotspot,sporadic hotspot,FALSE
Xiangxiang,sporadic hotspot,sporadic hotspot,FALSE
Xiangyin,sporadic hotspot,sporadic hotspot,FALSE
Xinhua,sporadic coldspot,sporadic coldspot,FALSE
Xinhuang,sporadic coldspot,sporadic coldspot,FALSE
Xinning,sporadic coldspot,sporadic coldspot,FALSE
Xinshao,sporadic coldspot,sporadic coldspot,FALSE
Xintian,sporadic coldspot,sporadic coldspot,FALSE
Xupu,sporadic coldspot,sporadic coldspot,FALSE
Yanling,sporadic hotspot,sporadic hotspot,FALSE
Yizhang,sporadic hotspot,sporadic hotspot,FALSE
Yongshun,sporadic coldspot,sporadic coldspot,FALSE
Yongxing,sporadic hotspot,sporadic hotspot,FALSE
You,sporadic hotspot,sporadic hotspot,FALSE
Yuanjiang,oscilating hotspot,oscilating hotspot,FALSE
Yuanling,sporadic coldspot,sporadic coldspot,FALSE
Yueyang,oscilating hotspot,oscilating hotspot,FALSE
Zhijiang,sporadic coldspot,sporadic coldspot,FALSE
Zhongfang,sporadic coldspot,sporadic coldspot,FALSE
Zhuzhou,sporadic hotspot,sporadic hotspot,FALSE
Zixing,oscilating hotspot,oscilating hotspot,FALSE
