County,Year,gi_star,p_sim
Anhua,2005,-0.8847239499182419,0.01
Anren,2005,1.7536622934489645,0.01
Anxiang,2005,0.34519828025746063,0.01
Baojing,2005,-1.202508236414106,0.01
Chaling,2005,0.5516553622654484,0.01
Changning,2005,0.5418874908458441,0.01
Changsha,2005,3.4201775480600296,0.02
Chengbu,2005,-1.5032062744538623,0.01
Chenxi,2005,-1.582983073573121,0.01
Cili,2005,-0.30800818529941115,0.01
Dao,2005,-0.9303175266771725,0.01
Dongan,2005,-0.9215200143918099,0.01
Dongkou,2005,-1.6304972053768136,0.01
Fenghuang,2005,-0.8022940270021158,0.01
Guidong,2005,1.0078271921224762,0.01
Guiyang,2005,1.8393802213601784,0.01
Guzhang,2005,-1.0896320248195457,0.01
Hanshou,2005,-0.14067592542040613,0.01
Hengdong,2005,0.6695268499444674,0.01
Hengnan,2005,0.4058785626546617,0.01
Hengshan,2005,-0.04058270360044374,0.01
Hengyang,2005,-0.10811547976812914,0.01
Hongjiang,2005,-1.3946406979552903,0.01
Huarong,2005,-0.16102026027695843,0.01
Huayuan,2005,-0.27342318092445417,0.01
Huitong,2005,-1.1796679121981293,0.01
Jiahe,2005,0.1186016973662438,0.01
Jianghua,2005,-1.2546437258539829,0.01
Jiangyong,2005,-0.8493161540962262,0.01
Jingzhou,2005,-1.2295453271890884,0.01
Jinshi,2005,0.8244579088689378,0.02
Jishou,2005,-1.1196599913655352,0.01
Lanshan,2005,-0.0392739689387782,0.01
Leiyang,2005,0.714337258559756,0.01
Lengshuijiang,2005,0.31729453093135157,0.01
Li,2005,0.9343611593592169,0.01
Lianyuan,2005,0.12501658126265844,0.01
Liling,2005,2.1268053083552623,0.05
Linli,2005,0.9636424315925891,0.01
Linwu,2005,0.9644302685136669,0.01
Linxiang,2005,0.13036285843120493,0.03
Liuyang,2005,3.487084089803091,0.05
Longhui,2005,-2.5331624992050332,0.01
Longshan,2005,-2.0530186592054696,0.01
Luxi,2005,-1.357682269478609,0.01
Mayang,2005,-1.9535691827932955,0.01
Miluo,2005,3.15745603066894,0.03
Nan,2005,0.09672737638033814,0.01
Ningxiang,2005,1.250807669484915,0.01
Ningyuan,2005,-0.7364833532750164,0.01
Pingjiang,2005,3.011624507932957,0.04
Qidong,2005,-0.3624983387763796,0.01
Qiyang,2005,-0.2175355299333966,0.01
Rucheng,2005,1.1603222536069913,0.02
Sangzhi,2005,-1.1622182404529995,0.01
Shaodong,2005,-1.2049057870218103,0.01
Shaoshan,2005,1.6300654142946986,0.02
Shaoyang,2005,-1.8331677101819601,0.01
Shimen,2005,0.015493619467366642,0.01
Shuangfeng,2005,-0.3982234925201418,0.01
Shuangpai,2005,-0.5096810800090761,0.01
Suining,2005,-1.7721585630613175,0.01
Taojiang,2005,1.006771081002344,0.01
Taoyuan,2005,-0.41320692202101766,0.01
Tongdao,2005,-1.0167818825532768,0.01
Wangcheng,2005,3.313908024233461,0.01
Wugang,2005,-1.9857508822844612,0.01
Xiangtan,2005,3.4424020727394287,0.01
Xiangxiang,2005,0.9638467476507235,0.01
Xiangyin,2005,1.2149239619027261,0.01
Xinhua,2005,-0.8509361574472726,0.01
Xinhuang,2005,-1.1105294983799419,0.01
Xinning,2005,-1.5387902420558524,0.01
Xinshao,2005,-0.7071465268996975,0.01
Xintian,2005,-0.24962642686640954,0.01
Xupu,2005,-2.121180286095739,0.01
Yanling,2005,1.0038840363787078,0.01
Yizhang,2005,2.167194634691635,0.04
Yongshun,2005,-2.133616387826072,0.01
Yongxing,2005,1.6466513524032873,0.02
You,2005,1.1688569610169113,0.01
Yuanjiang,2005,-0.039256166925721564,0.01
Yuanling,2005,-2.2731604680459863,0.01
Yueyang,2005,0.20149263304599196,0.01
Zhijiang,2005,-1.676805394748941,0.01
Zhongfang,2005,-1.6263970011094904,0.01
Zhuzhou,2005,3.593736125556906,0.03
Zixing,2005,1.1815511853185008,0.01
Anhua,2006,-1.9068437530388107,0.01
Anren,2006,1.5672214611860638,0.01
Anxiang,2006,-0.018495217698395464,0.01
Baojing,2006,-2.02920177033938,0.01
Chaling,2006,0.21440462764903256,0.01
Changning,2006,0.10056668123492742,0.01
Changsha,2006,4.153281615050332,0.01
Chengbu,2006,-2.5789149785680627,0.01
Chenxi,2006,-2.6880909188444493,0.01
Cili,2006,-0.912417765547222,0.01
Dao,2006,-1.7934866616728506,0.01
Dongan,2006,-1.8107550588135073,0.01
Dongkou,2006,-2.8100768820462867,0.01
Fenghuang,2006,-1.3822880217789082,0.01
Guidong,2006,0.7573200078816362,0.01
Guiyang,2006,1.6025262400764728,0.01
Guzhang,2006,-2.055368396742232,0.01
Hanshou,2006,-0.710148881212195,0.01
Hengdong,2006,0.26588736567113164,0.01
Hengnan,2006,-0.18544882252307796,0.01
Hengshan,2006,-0.6962033439315916,0.01
Hengyang,2006,-0.8029691777357816,0.01
Hongjiang,2006,-2.4790163387637567,0.01
Huarong,2006,-0.3708374226637404,0.01
Huayuan,2006,-0.5918238169825688,0.01
Huitong,2006,-1.9877358614334752,0.01
Jiahe,2006,-0.4616034183885369,0.01
Jianghua,2006,-2.1506100861075543,0.01
Jiangyong,2006,-1.550158194270635,0.01
Jingzhou,2006,-2.0151642871175994,0.01
Jinshi,2006,0.690000707386917,0.01
Jishou,2006,-1.8819488928173087,0.01
Lanshan,2006,-0.6182627886636641,0.01
Leiyang,2006,0.39927109266462685,0.01
Lengshuijiang,2006,0.07102341447187611,0.01
Li,2006,0.8466323659585061,0.01
Lianyuan,2006,-0.4658084586799354,0.01
Liling,2006,2.4158701086218897,0.02
Linli,2006,0.7403465976420707,0.01
Linwu,2006,0.7391305133363907,0.01
Linxiang,2006,-0.11774610417664487,0.01
Liuyang,2006,4.270477192457124,0.01
Longhui,2006,-4.110974848225187,0.01
Longshan,2006,-3.1864688669237458,0.01
Luxi,2006,-2.476483880194827,0.01
Mayang,2006,-3.1394464802919373,0.01
Miluo,2006,3.7799392431076857,0.01
Nan,2006,-0.2619192077367346,0.01
Ningxiang,2006,1.070907972020512,0.01
Ningyuan,2006,-1.6600153061736653,0.01
Pingjiang,2006,3.6380322812164594,0.02
Qidong,2006,-1.2538824454939341,0.01
Qiyang,2006,-1.0316701329242588,0.01
Rucheng,2006,1.0023747904528313,0.01
Sangzhi,2006,-2.2627725154056626,0.01
Shaodong,2006,-2.2874639864527317,0.01
Shaoshan,2006,1.7423722127678933,0.01
Shaoyang,2006,-3.2174360955016876,0.01
Shimen,2006,-0.5727178605920547,0.01
Shuangfeng,2006,-1.1674841843433559,0.01
Shuangpai,2006,-1.1665121876508096,0.01
Suining,2006,-3.0896189862601693,0.01
Taojiang,2006,0.6609726190512367,0.01
Taoyuan,2006,-1.4774472097354423,0.01
Tongdao,2006,-1.817992743653632,0.01
Wangcheng,2006,3.9834661987892903,0.01
Wugang,2006,-3.386762043582512,0.01
Xiangtan,2006,4.05688895157723,0.01
Xiangxiang,2006,0.7525580371065816,0.01
Xiangyin,2006,1.0992470929426574,0.01
Xinhua,2006,-1.7234291862948916,0.01
Xinhuang,2006,-1.6596917245865108,0.01
Xinning,2006,-2.629504085684352,0.01
Xinshao,2006,-1.5050046347246624,0.01
Xintian,2006,-0.8908278177100826,0.01
Xupu,2006,-3.684007050455772,0.01
Yanling,2006,0.7077223849893722,0.01
Yizhang,2006,2.1690024399549768,0.01
Yongshun,2006,-3.465367182220879,0.01
Yongxing,2006,1.5830672653713347,0.01
You,2006,1.0325184468150395,0.01
Yuanjiang,2006,-0.6781341262723153,0.01
Yuanling,2006,-3.8802168908645256,0.01
Yueyang,2006,-0.23421411837670533,0.01
Zhijiang,2006,-2.7301524587069146,0.01
Zhongfang,2006,-2.72932772263118,0.01
Zhuzhou,2006,4.3529941116390205,0.01
Zixing,2006,0.8703098261492979,0.01
Anhua,2007,-1.9395386692203156,0.01
Anren,2007,1.1259257746233056,0.01
Anxiang,2007,-0.19858129953541537,0.01
Baojing,2007,-1.8185999801323107,0.01
Chaling,2007,-0.17060276532846605,0.01
Changning,2007,-0.14408358984163327,0.01
Changsha,2007,4.092098196597641,0.01
Chengbu,2007,-2.7264078387457764,0.01
Chenxi,2007,-2.5776275920075444,0.01
Cili,2007,-1.103092626673036,0.01
Dao,2007,-1.9866173845652764,0.01
Dongan,2007,-1.893340597723273,0.01
Dongkou,2007,-2.8995823597313173,0.01
Fenghuang,2007,-1.085509873168915,0.01
Guidong,2007,0.42220779994661684,0.01
Guiyang,2007,1.1051051651904393,0.01
Guzhang,2007,-2.0336204209374746,0.01
Hanshou,2007,-0.8296393172353738,0.01
Hengdong,2007,-0.13152530139403307,0.01
Hengnan,2007,-0.660845519066691,0.01
Hengshan,2007,-0.8517051307265145,0.01
Hengyang,2007,-1.0352029808300471,0.01
Hongjiang,2007,-2.4356094919115834,0.01
Huarong,2007,-0.14541758354957415,0.01
Huayuan,2007,-0.30404303417212486,0.01
Huitong,2007,-1.8614835925193283,0.01
Jiahe,2007,-0.6285009404122747,0.01
Jianghua,2007,-2.168254753742502,0.01
Jiangyong,2007,-1.6575248551211728,0.01
Jingzhou,2007,-1.9221872053288789,0.01
Jinshi,2007,0.494558255310701,0.01
Jishou,2007,-1.582968614637619,0.01
Lanshan,2007,-0.8293428436688807,0.01
Leiyang,2007,0.006254919658452436,0.01
Lengshuijiang,2007,0.0826732330190425,0.01
Li,2007,0.5918335551515533,0.01
Lianyuan,2007,-0.4705469912509574,0.01
Liling,2007,2.147162077835063,0.01
Linli,2007,0.40613212358205447,0.01
Linwu,2007,0.38286208891662266,0.01
Linxiang,2007,-2.269831733346981e-4,0.02
Liuyang,2007,4.016133867608518,0.01
Longhui,2007,-4.183949258199389,0.01
Longshan,2007,-3.1279980511758887,0.01
Luxi,2007,-2.4493737075152677,0.01
Mayang,2007,-2.9765096051166435,0.01
Miluo,2007,3.790602553755984,0.01
Nan,2007,-0.1912460715753075,0.01
Ningxiang,2007,1.0673077070235832,0.01
Ningyuan,2007,-1.8308009381404782,0.01
Pingjiang,2007,3.6714751569864146,0.05
Qidong,2007,-1.505720429599714,0.01
Qiyang,2007,-1.234469412932798,0.01
Rucheng,2007,0.4319046524547786,0.01
Sangzhi,2007,-2.4114367992191634,0.01
Shaodong,2007,-2.369290998548378,0.01
Shaoshan,2007,1.7626891123435449,0.01
Shaoyang,2007,-3.3296124814175236,0.01
Shimen,2007,-0.8892291377348026,0.01
Shuangfeng,2007,-1.22322098030773,0.01
Shuangpai,2007,-1.3353828994431798,0.01
Suining,2007,-3.1423958819244104,0.01
Taojiang,2007,0.483921149801598,0.01
Taoyuan,2007,-1.7113853838982485,0.01
Tongdao,2007,-1.879419743893628,0.01
Wangcheng,2007,3.9846008102713473,0.01
Wugang,2007,-3.5831583101757674,0.01
Xiangtan,2007,3.900428511389809,0.01
Xiangxiang,2007,0.7849235303554708,0.01
Xiangyin,2007,1.129914037438128,0.01
Xinhua,2007,-1.731075034544491,0.01
Xinhuang,2007,-1.5207872613420346,0.01
Xinning,2007,-2.782452570123087,0.01
Xinshao,2007,-1.5608424010658681,0.01
Xintian,2007,-1.0080304901420372,0.01
Xupu,2007,-3.688712202615457,0.01
Yanling,2007,0.33136194645238826,0.01
Yizhang,2007,1.5075585812814116,0.01
Yongshun,2007,-3.432799105522752,0.01
Yongxing,2007,1.2817680561065619,0.01
You,2007,0.5201337684617706,0.01
Yuanjiang,2007,-0.7689583301347332,0.01
Yuanling,2007,-3.8471990644966274,0.01
Yueyang,2007,-0.03732956108905149,0.01
Zhijiang,2007,-2.579385582642827,0.01
Zhongfang,2007,-2.6432188288136302,0.01
Zhuzhou,2007,4.144766228205128,0.02
Zixing,2007,0.2915805004808141,0.01
Anhua,2008,-1.7190221980779976,0.01
Anren,2008,0.9665420557363406,0.01
Anxiang,2008,-0.3329781341868302,0.01
Baojing,2008,-1.6326389124939098,0.01
Chaling,2008,-0.40550314350494726,0.01
Changning,2008,-0.22884724129891088,0.01
Changsha,2008,4.340271160996405,0.07
Chengbu,2008,-2.7069011702016534,0.01
Chenxi,2008,-2.2598699818495063,0.01
Cili,2008,-1.2411059495596182,0.01
Dao,2008,-1.875437481914632,0.01
Dongan,2008,-1.8223934653458294,0.01
Dongkou,2008,-2.839315600810286,0.01
Fenghuang,2008,-0.9058966076407464,0.01
Guidong,2008,-8.166513897407399e-5,0.01
Guiyang,2008,0.8971632376478661,0.01
Guzhang,2008,-1.8798439590245801,0.01
Hanshou,2008,-0.8239548238241332,0.01
Hengdong,2008,-0.2746469802807455,0.01
Hengnan,2008,-0.8310945063812695,0.01
Hengshan,2008,-0.8390053593815557,0.01
Hengyang,2008,-1.051547141206537,0.01
Hongjiang,2008,-2.2444565595493327,0.01
Huarong,2008,-0.009755137303902796,0.03
Huayuan,2008,-0.2121966554819524,0.02
Huitong,2008,-1.7216962910349662,0.01
Jiahe,2008,-0.8541029278625956,0.01
Jianghua,2008,-2.034416960144813,0.01
Jiangyong,2008,-1.5348747296282574,0.01
Jingzhou,2008,-1.821137703194692,0.01
Jinshi,2008,0.28583919318069506,0.01
Jishou,2008,-1.3529341157439292,0.01
Lanshan,2008,-1.0517040817565269,0.01
Leiyang,2008,-0.19408991074598717,0.01
Lengshuijiang,2008,0.11765394490581829,0.01
Li,2008,0.29061976610252377,0.01
Lianyuan,2008,-0.28142076757545637,0.01
Liling,2008,2.127749467473132,0.1
Linli,2008,0.17720830210594563,0.01
Linwu,2008,0.07218826930194033,0.02
Linxiang,2008,0.2550701273484928,0.08
Liuyang,2008,4.0277563620041175,0.18
Longhui,2008,-3.9962711721620017,0.01
Longshan,2008,-2.8994544063517176,0.01
Luxi,2008,-2.2782148894059673,0.01
Mayang,2008,-2.5707576069575224,0.01
Miluo,2008,4.015074555429013,0.13
Nan,2008,-0.15770636051593212,0.01
Ningxiang,2008,1.3983497284732502,0.03
Ningyuan,2008,-1.8375771585161553,0.01
Pingjiang,2008,3.879965458697365,0.19
Qidong,2008,-1.513005230115749,0.01
Qiyang,2008,-1.2347588722077678,0.01
Rucheng,2008,0.022263958512827243,0.03
Sangzhi,2008,-2.4213678594124026,0.01
Shaodong,2008,-2.249751983840569,0.01
Shaoshan,2008,1.9503880978348396,0.06
Shaoyang,2008,-3.1724398934460374,0.01
Shimen,2008,-1.085034582821803,0.01
Shuangfeng,2008,-1.1226209234508064,0.01
Shuangpai,2008,-1.320494672784862,0.01
Suining,2008,-3.031328941593772,0.01
Taojiang,2008,0.7628901187826658,0.01
Taoyuan,2008,-1.7388345889904016,0.01
Tongdao,2008,-1.8535893877945442,0.01
Wangcheng,2008,4.286875632726435,0.11
Wugang,2008,-3.5557359996668563,0.01
Xiangtan,2008,4.112087603223537,0.05
Xiangxiang,2008,0.9869538341991541,0.03
Xiangyin,2008,1.3860752240125607,0.01
Xinhua,2008,-1.6231709045799698,0.01
Xinhuang,2008,-1.3266753152898372,0.01
Xinning,2008,-2.719259459776168,0.01
Xinshao,2008,-1.4574241242642556,0.01
Xintian,2008,-1.0414817928492117,0.01
Xupu,2008,-3.405969472882786,0.01
Yanling,2008,0.1430420857402849,0.01
Yizhang,2008,0.9471348283141061,0.02
Yongshun,2008,-3.1957781289031226,0.01
Yongxing,2008,1.1310156792378607,0.01
You,2008,0.2745931730968833,0.01
Yuanjiang,2008,-0.587849547267062,0.01
Yuanling,2008,-3.5986378387365217,0.01
Yueyang,2008,0.209577839603943,0.01
Zhijiang,2008,-2.222196610032332,0.01
Zhongfang,2008,-2.3196017948430283,0.01
Zhuzhou,2008,4.168964185174893,0.09
Zixing,2008,-0.15290824134039954,0.01
Anhua,2009,-1.204709209126808,0.01
Anren,2009,0.9813369185026438,0.01
Anxiang,2009,-0.035447812097158395,0.02
Baojing,2009,-1.3324340762910176,0.01
Chaling,2009,-0.4962812262177671,0.01
Changning,2009,-0.11685832993795542,0.01
Changsha,2009,5.097437913057295,0.35
Chengbu,2009,-2.5345187436688956,0.01
Chenxi,2009,-1.7434375766457824,0.01
Cili,2009,-0.9316119776622647,0.01
Dao,2009,-1.6262342796346028,0.01
Dongan,2009,-1.658177484872713,0.01
Dongkou,2009,-2.633769967439862,0.01
Fenghuang,2009,-0.6213755116657078,0.01
Guidong,2009,-0.21053186904258947,0.02
Guiyang,2009,0.8883761134068684,0.01
Guzhang,2009,-1.442407144469548,0.01
Hanshou,2009,-0.5718293094293568,0.01
Hengdong,2009,-0.1691964753356907,0.01
Hengnan,2009,-0.631513823149499,0.01
Hengshan,2009,-0.6398284774922849,0.01
Hengyang,2009,-0.8785867504296541,0.03
Hongjiang,2009,-1.995660465617578,0.01
Huarong,2009,0.2270349999373283,0.08
Huayuan,2009,-0.0752725579387728,0.02
Huitong,2009,-1.5926449214885177,0.01
Jiahe,2009,-0.8151909375607518,0.01
Jianghua,2009,-1.8170312404924152,0.01
Jiangyong,2009,-1.3671618061119877,0.01
Jingzhou,2009,-1.7047448537988596,0.01
Jinshi,2009,0.4805670837569263,0.04
Jishou,2009,-0.9622808224218181,0.01
Lanshan,2009,-0.9865862925352826,0.01
Leiyang,2009,-0.0924279252074582,0.02
Lengshuijiang,2009,0.044106981196041714,0.02
Li,2009,0.5707527466439078,0.05
Lianyuan,2009,-0.003528821658630134,0.02
Liling,2009,2.2529097045574087,0.18
Linli,2009,0.45571801366985726,0.02
Linwu,2009,-0.08798277536456522,0.01
Linxiang,2009,0.6292795620805409,0.11
Liuyang,2009,4.530651955014351,0.48
Longhui,2009,-3.55100817595817,0.01
Longshan,2009,-2.40972884478238,0.01
Luxi,2009,-1.7872559794810678,0.01
Mayang,2009,-1.9085059195874523,0.01
Miluo,2009,4.699809819338245,0.46
Nan,2009,0.061823706505907544,0.01
Ningxiang,2009,1.841292288616898,0.07
Ningyuan,2009,-1.582754351445269,0.01
Pingjiang,2009,4.5188937199573775,0.48
Qidong,2009,-1.2847237116086456,0.01
Qiyang,2009,-1.0459057386630555,0.01
Rucheng,2009,-0.23303181842646173,0.01
Sangzhi,2009,-1.9681135279918316,0.01
Shaodong,2009,-2.045585038993622,0.01
Shaoshan,2009,2.061616865661064,0.21
Shaoyang,2009,-2.796001255461495,0.01
Shimen,2009,-0.7113073471191999,0.01
Shuangfeng,2009,-0.8923886094239549,0.01
Shuangpai,2009,-1.1445826524073017,0.01
Suining,2009,-2.844925882734751,0.01
Taojiang,2009,1.328438351306868,0.03
Taoyuan,2009,-1.1775307100530417,0.01
Tongdao,2009,-1.7827591013740938,0.01
Wangcheng,2009,5.122332182615376,0.33
Wugang,2009,-3.30097720629831,0.01
Xiangtan,2009,4.724526989221445,0.2
Xiangxiang,2009,1.0916130257219654,0.05
Xiangyin,2009,1.816369617096294,0.08
Xinhua,2009,-1.4548562654637296,0.01
Xinhuang,2009,-1.1472437772400286,0.01
Xinning,2009,-2.468359074414995,0.01
Xinshao,2009,-1.2591709826260211,0.01
Xintian,2009,-0.8993009942956883,0.01
Xupu,2009,-2.863824153004049,0.01
Yanling,2009,0.08282579418713491,0.03
Yizhang,2009,0.60152012837632,0.06
Yongshun,2009,-2.6731340913824737,0.01
Yongxing,2009,1.092084235308755,0.02
You,2009,0.30980382745475354,0.02
Yuanjiang,2009,-0.31404141856392953,0.01
Yuanling,2009,-2.986774326972268,0.01
Yueyang,2009,0.657554965322511,0.02
Zhijiang,2009,-1.8455088225227567,0.01
Zhongfang,2009,-1.8661333036676424,0.01
Zhuzhou,2009,4.584486727613922,0.42
Zixing,2009,-0.39930728632191653,0.01
Anhua,2010,-1.2374771228445725,0.01
Anren,2010,0.8202074158481872,0.04
Anxiang,2010,-0.17217983080692195,0.03
Baojing,2010,-1.7836149209395826,0.01
Chaling,2010,-0.7890142246919205,0.05
Changning,2010,-0.39057348600040465,0.02
Changsha,2010,5.24361860469017,0.19
Chengbu,2010,-2.8629868127221823,0.01
Chenxi,2010,-1.7868165654028507,0.01
Cili,2010,-0.9534625487517436,0.02
Dao,2010,-1.8623494451595968,0.01
Dongan,2010,-1.9925579596085725,0.02
Dongkou,2010,-2.959033466944954,0.01
Fenghuang,2010,-0.9575252852996184,0.02
Guidong,2010,-0.2758873258609682,0.04
Guiyang,2010,0.7272815703016242,0.04
Guzhang,2010,-1.64066742462589,0.01
Hanshou,2010,-0.7770831203716035,0.03
Hengdong,2010,-0.43938398006418816,0.02
Hengnan,2010,-0.9915824093258988,0.01
Hengshan,2010,-0.8788835563610723,0.02
Hengyang,2010,-1.163266661325247,0.01
Hongjiang,2010,-2.295260008989935,0.01
Huarong,2010,0.08653273550449835,0.14
Huayuan,2010,-0.5296551183793654,0.05
Huitong,2010,-1.9002067212709313,0.01
Jiahe,2010,-0.9656244054307249,0.01
Jianghua,2010,-2.0314410044206372,0.01
Jiangyong,2010,-1.5169375532944438,0.02
Jingzhou,2010,-1.9844229586580975,0.01
Jinshi,2010,0.3148446221408515,0.07
Jishou,2010,-1.3207697820043525,0.01
Lanshan,2010,-1.1495043086957075,0.01
Leiyang,2010,-0.19328696837957918,0.06
Lengshuijiang,2010,-0.2831772666305666,0.09
Li,2010,0.49743145087087687,0.09
Lianyuan,2010,-0.133937052001327,0.02
Liling,2010,2.2985347318467384,0.42
Linli,2010,0.355747149082479,0.08
Linwu,2010,-0.3599509065803167,0.08
Linxiang,2010,0.5803174710175306,0.32
Liuyang,2010,4.574455895979598,0.19
Longhui,2010,-3.787743250943755,0.01
Longshan,2010,-2.5075646790317503,0.01
Luxi,2010,-1.9273891325650812,0.01
Mayang,2010,-1.8839924038342655,0.01
Miluo,2010,4.740557428381408,0.19
Nan,2010,-0.18941758308625417,0.05
Ningxiang,2010,1.8614614352138545,0.14
Ningyuan,2010,-1.8757559063212574,0.01
Pingjiang,2010,4.598401184087275,0.18
Qidong,2010,-1.607610332786613,0.01
Qiyang,2010,-1.4183574811132829,0.01
Rucheng,2010,-0.4542077702202212,0.06
Sangzhi,2010,-2.060841761106322,0.01
Shaodong,2010,-2.401260002189324,0.01
Shaoshan,2010,2.0944255911941014,0.49
Shaoyang,2010,-3.1177030172674245,0.01
Shimen,2010,-0.7963819217196362,0.02
Shuangfeng,2010,-1.1125993658941562,0.01
Shuangpai,2010,-1.3790039941615506,0.01
Suining,2010,-3.291973901031284,0.01
Taojiang,2010,1.4386164923323,0.2
Taoyuan,2010,-1.3490139162550043,0.01
Tongdao,2010,-2.105804011278109,0.01
Wangcheng,2010,5.373017588778803,0.21
Wugang,2010,-3.6596865811221884,0.01
Xiangtan,2010,4.72549918888762,0.45
Xiangxiang,2010,0.9809629773967,0.13
Xiangyin,2010,1.817248222976082,0.32
Xinhua,2010,-1.780836006307517,0.01
Xinhuang,2010,-1.2593450458863489,0.05
Xinning,2010,-2.7555375413206638,0.01
Xinshao,2010,-1.5166565428050776,0.01
Xintian,2010,-1.012948850410962,0.01
Xupu,2010,-3.0502504819817666,0.01
Yanling,2010,-0.033975511475849,0.06
Yizhang,2010,0.4424887148380011,0.07
Yongshun,2010,-2.8186947179717023,0.01
Yongxing,2010,1.1067881977002596,0.14
You,2010,0.04150029226008144,0.06
Yuanjiang,2010,-0.493500426523246,0.03
Yuanling,2010,-3.119431556213482,0.01
Yueyang,2010,0.5236537324477766,0.08
Zhijiang,2010,-2.031179114576174,0.01
Zhongfang,2010,-1.9864450266588447,0.01
Zhuzhou,2010,4.559146525801234,0.3
Zixing,2010,-0.6114149736230826,0.01
Anhua,2011,-1.1002355105036745,0.02
Anren,2011,0.8972129565098641,0.3
Anxiang,2011,-0.3464929928980065,0.13
Baojing,2011,-2.1869632732969584,0.02
Chaling,2011,-0.8200256990536321,0.16
Changning,2011,-0.5108135530098281,0.07
Changsha,2011,5.112610860247512,0.04
Chengbu,2011,-2.9296068973506117,0.01
Chenxi,2011,-1.7498183434391175,0.01
Cili,2011,-1.0270797386491708,0.06
Dao,2011,-1.8977925773839175,0.03
Dongan,2011,-2.1282975199150087,0.01
Dongkou,2011,-2.998918153242311,0.01
Fenghuang,2011,-1.2987952430065668,0.08
Guidong,2011,-0.10872161675296266,0.3
Guiyang,2011,0.8798784162899372,0.28
Guzhang,2011,-1.8339905679157011,0.02
Hanshou,2011,-0.8896238604249935,0.06
Hengdong,2011,-0.4570170035717133,0.16
Hengnan,2011,-1.1806312513449764,0.05
Hengshan,2011,-0.9647129206164333,0.06
Hengyang,2011,-1.273799352961954,0.11
Hongjiang,2011,-2.302350941263898,0.01
Huarong,2011,-0.024470215598447604,0.21
Huayuan,2011,-0.9959275300056418,0.06
Huitong,2011,-1.9321940215060096,0.01
Jiahe,2011,-0.9483585186004347,0.05
Jianghua,2011,-2.026110981753527,0.01
Jiangyong,2011,-1.4871798470409061,0.03
Jingzhou,2011,-2.0273493487370207,0.01
Jinshi,2011,0.08481964384773856,0.29
Jishou,2011,-1.7026847215138734,0.01
Lanshan,2011,-1.17683805241693,0.06
Leiyang,2011,-0.12475553937750064,0.15
Lengshuijiang,2011,-0.2095940975815585,0.21
Li,2011,0.2616868317860995,0.31
Lianyuan,2011,0.14053722569914298,0.26
Liling,2011,2.497474967400623,0.22
Linli,2011,0.14214690243285247,0.17
Linwu,2011,-0.3188629826293299,0.17
Linxiang,2011,0.3550496455942405,0.5
Liuyang,2011,4.272192429523668,0.05
Longhui,2011,-3.7632559474633234,0.01
Longshan,2011,-2.5911790438613806,0.01
Luxi,2011,-2.0390219804372185,0.01
Mayang,2011,-1.8478741609940308,0.02
Miluo,2011,4.43714300617101,0.06
Nan,2011,-0.36215653739743303,0.14
Ningxiang,2011,2.216501735449463,0.42
Ningyuan,2011,-1.9173317139284844,0.01
Pingjiang,2011,4.275429015094916,0.06
Qidong,2011,-1.7421073016235513,0.03
Qiyang,2011,-1.5591151444309217,0.03
Rucheng,2011,-0.2407743965845497,0.19
Sangzhi,2011,-2.138131874388,0.01
Shaodong,2011,-2.447825454795129,0.01
Shaoshan,2011,2.473676533960692,0.25
Shaoyang,2011,-3.1966437034918767,0.01
Shimen,2011,-0.9386635349592966,0.07
Shuangfeng,2011,-1.0884148086963363,0.03
Shuangpai,2011,-1.447451968000309,0.03
Suining,2011,-3.342534933619822,0.01
Taojiang,2011,1.650815609316393,0.5
Taoyuan,2011,-1.5058338496870491,0.02
Tongdao,2011,-2.1678854171261785,0.01
Wangcheng,2011,5.32288942335024,0.02
Wugang,2011,-3.717354974078678,0.01
Xiangtan,2011,4.690921361890681,0.07
Xiangxiang,2011,1.3181928798637512,0.43
Xiangyin,2011,1.935965708822028,0.36
Xinhua,2011,-1.7186203807460332,0.02
Xinhuang,2011,-1.2014403017688164,0.07
Xinning,2011,-2.823705410341626,0.01
Xinshao,2011,-1.4210036798200973,0.04
Xintian,2011,-0.9185727729500378,0.11
Xupu,2011,-3.0117735841752746,0.01
Yanling,2011,0.12387843429305702,0.26
Yizhang,2011,0.6436649968459013,0.37
Yongshun,2011,-2.8958736547846757,0.01
Yongxing,2011,1.3274212335883755,0.41
You,2011,0.06147285998165072,0.24
Yuanjiang,2011,-0.5478196820722729,0.13
Yuanling,2011,-3.1193605533675712,0.01
Yueyang,2011,0.4552579157356374,0.31
Zhijiang,2011,-1.990639854563903,0.02
Zhongfang,2011,-1.950706875828437,0.02
Zhuzhou,2011,4.300501872278322,0.09
Zixing,2011,-0.3428872932681467,0.15
Anhua,2012,-0.7002737679899137,0.2
Anren,2012,1.2025481818802104,0.33
Anxiang,2012,-0.24964116258090152,0.4
Baojing,2012,-2.22365451993281,0.02
Chaling,2012,-0.658822827828836,0.32
Changning,2012,-0.39696657513451916,0.29
Changsha,2012,5.668518377433051,0.02
Chengbu,2012,-2.8556255358710523,0.01
Chenxi,2012,-1.5280318625986786,0.08
Cili,2012,-0.9273672644542205,0.25
Dao,2012,-1.8260269662476878,0.09
Dongan,2012,-2.070064362737765,0.03
Dongkou,2012,-2.8625343558231924,0.01
Fenghuang,2012,-1.325519572289748,0.07
Guidong,2012,0.12865856967204947,0.5
Guiyang,2012,1.217571289772432,0.42
Guzhang,2012,-1.7738345557093305,0.07
Hanshou,2012,-0.7788886468537901,0.14
Hengdong,2012,-0.16868424814699554,0.31
Hengnan,2012,-1.0730069633533355,0.1
Hengshan,2012,-0.7141173065994132,0.2
Hengyang,2012,-1.10920396149307,0.17
Hongjiang,2012,-2.0624431216580352,0.04
Huarong,2012,0.06637085582430656,0.5
Huayuan,2012,-1.0569531239179846,0.21
Huitong,2012,-1.7497736802506048,0.05
Jiahe,2012,-0.7482375792966945,0.23
Jianghua,2012,-1.9201115141876846,0.02
Jiangyong,2012,-1.4101302374758875,0.13
Jingzhou,2012,-1.895502231302968,0.02
Jinshi,2012,0.13037160383317303,0.49
Jishou,2012,-1.7398800159698988,0.05
Lanshan,2012,-1.0384048934928578,0.16
Leiyang,2012,0.04605833781712715,0.46
Lengshuijiang,2012,0.12005248587560102,0.4
Li,2012,0.3120219846058948,0.47
Lianyuan,2012,0.7025643831753877,0.47
Liling,2012,2.9476634212165687,0.08
Linli,2012,0.24325066027832576,0.49
Linwu,2012,-0.10923037825401911,0.34
Linxiang,2012,0.4111122287284399,0.36
Liuyang,2012,4.57069744413203,0.02
Longhui,2012,-3.607165998785681,0.01
Longshan,2012,-2.5532246584591265,0.01
Luxi,2012,-1.9073916017409922,0.04
Mayang,2012,-1.6652380350783964,0.05
Miluo,2012,4.841119889983065,0.02
Nan,2012,-0.2768725783931353,0.28
Ningxiang,2012,2.9956580002798185,0.1
Ningyuan,2012,-1.7548895915825033,0.05
Pingjiang,2012,4.586046666095954,0.02
Qidong,2012,-1.6153168275203493,0.07
Qiyang,2012,-1.4104184063218677,0.09
Rucheng,2012,-0.003548683132012137,0.37
Sangzhi,2012,-1.993673875391708,0.02
Shaodong,2012,-2.2704224701740636,0.01
Shaoshan,2012,3.150389369790995,0.11
Shaoyang,2012,-3.0924250483498135,0.01
Shimen,2012,-0.830171810333579,0.16
Shuangfeng,2012,-0.7651379199752987,0.21
Shuangpai,2012,-1.3779254273493193,0.09
Suining,2012,-3.167999313095565,0.01
Taojiang,2012,2.1676759407540636,0.16
Taoyuan,2012,-1.2789104064376369,0.12
Tongdao,2012,-2.0724215516471984,0.03
Wangcheng,2012,5.943107874455299,0.01
Wugang,2012,-3.643261106280472,0.01
Xiangtan,2012,5.420450772787851,0.01
Xiangxiang,2012,1.9946894855081756,0.17
Xiangyin,2012,2.4438231081199606,0.07
Xinhua,2012,-1.378890808642786,0.05
Xinhuang,2012,-1.0555039634002694,0.13
Xinning,2012,-2.7672980662216697,0.01
Xinshao,2012,-1.1142127910032755,0.08
Xintian,2012,-0.7025678595127558,0.23
Xupu,2012,-2.699785027614277,0.01
Yanling,2012,0.3883797622554254,0.47
Yizhang,2012,0.9363849656019875,0.35
Yongshun,2012,-2.7874158926778723,0.01
Yongxing,2012,1.6151972661171765,0.21
You,2012,0.3546323887133056,0.45
Yuanjiang,2012,-0.3176666694626549,0.35
Yuanling,2012,-2.9105633321576745,0.01
Yueyang,2012,0.7865468518242289,0.42
Zhijiang,2012,-1.7437333072399015,0.03
Zhongfang,2012,-1.6984260598877738,0.04
Zhuzhou,2012,4.717678197514249,0.03
Zixing,2012,-0.0017878424510542094,0.41
Anhua,2013,-0.5283000278556876,0.36
Anren,2013,1.3177274611725203,0.21
Anxiang,2013,-0.23672123760186703,0.46
Baojing,2013,-2.3211569350041286,0.03
Chaling,2013,-0.5081703473575655,0.42
Changning,2013,-0.41312527992455333,0.45
Changsha,2013,5.843835163151121,0.01
Chengbu,2013,-2.8356800526329784,0.01
Chenxi,2013,-1.4711263036986006,0.14
Cili,2013,-0.9027379240674696,0.27
Dao,2013,-1.8411311468231488,0.11
Dongan,2013,-2.0461656216228503,0.04
Dongkou,2013,-2.807443928337844,0.02
Fenghuang,2013,-1.4408343610712164,0.19
Guidong,2013,0.20669065069395343,0.39
Guiyang,2013,1.3230934768617137,0.09
Guzhang,2013,-1.871056492434337,0.1
Hanshou,2013,-0.7708540660412259,0.31
Hengdong,2013,0.001953672575777287,0.44
Hengnan,2013,-1.0434720854261692,0.27
Hengshan,2013,-0.5807251679180059,0.43
Hengyang,2013,-1.0380592015706165,0.29
Hongjiang,2013,-1.9280733982215574,0.11
Huarong,2013,0.0642850618578707,0.36
Huayuan,2013,-1.1981475055501927,0.22
Huitong,2013,-1.6386301959839022,0.13
Jiahe,2013,-0.7141096122292271,0.39
Jianghua,2013,-1.871030751023125,0.06
Jiangyong,2013,-1.3725400577340634,0.16
Jingzhou,2013,-1.813006988379314,0.09
Jinshi,2013,0.0994878848865295,0.36
Jishou,2013,-1.9073918059968813,0.07
Lanshan,2013,-1.0177961816742447,0.22
Leiyang,2013,0.09839560312480848,0.41
Lengshuijiang,2013,0.24136376207628085,0.33
Li,2013,0.2728332028475203,0.38
Lianyuan,2013,0.9079958275839334,0.23
Liling,2013,3.1505976318947515,0.02
Linli,2013,0.29074883656788225,0.37
Linwu,2013,0.025593436039916748,0.4
Linxiang,2013,0.4580430902142374,0.21
Liuyang,2013,4.689851261904106,0.01
Longhui,2013,-3.546897517871633,0.01
Longshan,2013,-2.604717097573994,0.01
Luxi,2013,-1.8875788055426996,0.07
Mayang,2013,-1.613380729877444,0.11
Miluo,2013,4.931103879042092,0.01
Nan,2013,-0.29406232331803966,0.46
Ningxiang,2013,3.284257777906706,0.02
Ningyuan,2013,-1.7552688895094044,0.1
Pingjiang,2013,4.672981209500757,0.02
Qidong,2013,-1.572906220705671,0.13
Qiyang,2013,-1.4029194615612726,0.21
Rucheng,2013,0.15532472256418028,0.41
Sangzhi,2013,-1.935017322343136,0.1
Shaodong,2013,-2.1805670411549616,0.07
Shaoshan,2013,3.413376308299356,0.03
Shaoyang,2013,-3.0645673319984845,0.01
Shimen,2013,-0.7958175793703826,0.37
Shuangfeng,2013,-0.588716053896748,0.39
Shuangpai,2013,-1.4135336769603866,0.21
Suining,2013,-3.088706973967696,0.01
Taojiang,2013,2.354525837416033,0.13
Taoyuan,2013,-1.233809936196878,0.3
Tongdao,2013,-2.0267727134829077,0.05
Wangcheng,2013,6.108210244091548,0.01
Wugang,2013,-3.6315331357454546,0.01
Xiangtan,2013,5.6718457567680955,0.01
Xiangxiang,2013,2.2761528074493658,0.04
Xiangyin,2013,2.585691000674599,0.02
Xinhua,2013,-1.2446551777030128,0.21
Xinhuang,2013,-0.9728115290030035,0.28
Xinning,2013,-2.7653244943977957,0.01
Xinshao,2013,-1.0105856148509849,0.25
Xintian,2013,-0.6536322733583292,0.29
Xupu,2013,-2.536477325489219,0.04
Yanling,2013,0.5354793008154896,0.31
Yizhang,2013,1.0774080262892431,0.16
Yongshun,2013,-2.781261675781006,0.01
Yongxing,2013,1.6987671953117096,0.12
You,2013,0.5171814765854266,0.38
Yuanjiang,2013,-0.19651809127524547,0.48
Yuanling,2013,-2.854245177231,0.01
Yueyang,2013,0.8724686305628693,0.21
Zhijiang,2013,-1.587886505264216,0.06
Zhongfang,2013,-1.5461771356015832,0.11
Zhuzhou,2013,4.912005908353568,0.01
Zixing,2013,0.23855964701132754,0.32
Anhua,2014,-0.5166768991020017,0.48
Anren,2014,1.4847246281188973,0.06
Anxiang,2014,-0.1960035526765297,0.39
Baojing,2014,-2.4470342194058103,0.03
Chaling,2014,-0.3685127273512792,0.38
Changning,2014,-0.389488310395876,0.45
Changsha,2014,5.97950956456142,0.01
Chengbu,2014,-2.85424958689821,0.04
Chenxi,2014,-1.5777806661191003,0.25
Cili,2014,-0.874697873161599,0.28
Dao,2014,-1.8789564069557234,0.12
Dongan,2014,-2.0313281433176797,0.13
Dongkou,2014,-2.8338928003347754,0.02
Fenghuang,2014,-1.5633029560064262,0.24
Guidong,2014,0.30306306296323104,0.17
Guiyang,2014,1.4659232253774985,0.12
Guzhang,2014,-1.9956907010743383,0.14
Hanshou,2014,-0.7553550875333601,0.48
Hengdong,2014,0.13381690372059138,0.25
Hengnan,2014,-1.0013745202420858,0.42
Hengshan,2014,-0.5400325653133885,0.41
Hengyang,2014,-1.0229890160179094,0.38
Hongjiang,2014,-1.9783072166065325,0.16
Huarong,2014,0.10560919055800197,0.31
Huayuan,2014,-1.3566319530824427,0.18
Huitong,2014,-1.6391576612733114,0.17
Jiahe,2014,-0.7397487118122319,0.48
Jianghua,2014,-1.851414691267019,0.17
Jiangyong,2014,-1.3476933290072373,0.25
Jingzhou,2014,-1.8130150774848939,0.06
Jinshi,2014,0.09541848892490269,0.31
Jishou,2014,-2.0569428843590405,0.12
Lanshan,2014,-1.0504235917752913,0.43
Leiyang,2014,0.21083412928027703,0.26
Lengshuijiang,2014,0.22169809650323016,0.22
Li,2014,0.23537161600838533,0.27
Lianyuan,2014,0.9457033568338351,0.08
Liling,2014,3.288097109566677,0.01
Linli,2014,0.3439746538910981,0.23
Linwu,2014,0.12215069526804703,0.27
Linxiang,2014,0.5007314066478911,0.24
Liuyang,2014,4.808455490532617,0.01
Longhui,2014,-3.560831862288684,0.01
Longshan,2014,-2.6661082680123416,0.02
Luxi,2014,-1.939052202042795,0.19
Mayang,2014,-1.6666473753679893,0.14
Miluo,2014,5.005961297723195,0.01
Nan,2014,-0.2658728973513027,0.36
Ningxiang,2014,3.386306906270445,0.01
Ningyuan,2014,-1.7790222512201237,0.19
Pingjiang,2014,4.773738578371906,0.01
Qidong,2014,-1.5529703138473612,0.29
Qiyang,2014,-1.418840916236681,0.33
Rucheng,2014,0.3419988195043747,0.29
Sangzhi,2014,-1.9283245201449373,0.22
Shaodong,2014,-2.160310641186105,0.11
Shaoshan,2014,3.5319685904167093,0.01
Shaoyang,2014,-3.0529638921158733,0.01
Shimen,2014,-0.7418244802457693,0.48
Shuangfeng,2014,-0.5051027578834996,0.48
Shuangpai,2014,-1.4556469834100774,0.21
Suining,2014,-3.1008023680131362,0.02
Taojiang,2014,2.4441765675000777,0.06
Taoyuan,2014,-1.250960832577966,0.44
Tongdao,2014,-2.032473006241836,0.02
Wangcheng,2014,6.214002004141225,0.01
Wugang,2014,-3.636580151879954,0.01
Xiangtan,2014,5.808737932492799,0.01
Xiangxiang,2014,2.375043909682377,0.01
Xiangyin,2014,2.6514614012499536,0.03
Xinhua,2014,-1.2770648315958406,0.36
Xinhuang,2014,-0.9939660090781337,0.4
Xinning,2014,-2.778615656907386,0.01
Xinshao,2014,-1.0166152331381846,0.41
Xintian,2014,-0.6323488106730095,0.5
Xupu,2014,-2.584490067304649,0.09
Yanling,2014,0.7222728452121845,0.23
Yizhang,2014,1.2243160671873556,0.13
Yongshun,2014,-2.8320212058455208,0.02
Yongxing,2014,1.8781185582898725,0.02
You,2014,0.6527346026886901,0.19
Yuanjiang,2014,-0.11395965606574258,0.25
Yuanling,2014,-2.883523325145152,0.04
Yueyang,2014,0.9435586668435904,0.09
Zhijiang,2014,-1.6236347311058426,0.2
Zhongfang,2014,-1.603302409154393,0.23
Zhuzhou,2014,5.081209879926989,0.01
Zixing,2014,0.5194651280614044,0.13
Anhua,2015,-0.5684811250873398,0.33
Anren,2015,1.568139765058925,0.04
Anxiang,2015,-0.1646486171540535,0.25
Baojing,2015,-2.422026179136948,0.1
Chaling,2015,-0.29827389910151286,0.25
Changning,2015,-0.32000556406067976,0.41
Changsha,2015,6.097790149950552,0.01
Chengbu,2015,-2.7699818500404336,0.03
Chenxi,2015,-1.6924342222966129,0.32
Cili,2015,-0.8117759276328688,0.45
Dao,2015,-1.8258819765695542,0.16
Dongan,2015,-1.9569734037975055,0.19
Dongkou,2015,-2.765711048916083,0.05
Fenghuang,2015,-1.5979033609523512,0.3
Guidong,2015,0.3582136635048697,0.12
Guiyang,2015,1.4675477251949607,0.03
Guzhang,2015,-2.017709042278602,0.16
Hanshou,2015,-0.7453074030668552,0.39
Hengdong,2015,0.2790661531538394,0.14
Hengnan,2015,-0.8896362152005679,0.47
Hengshan,2015,-0.43283789752232216,0.29
Hengyang,2015,-0.9369794357329391,0.44
Hongjiang,2015,-2.005230424187409,0.27
Huarong,2015,0.11125995512121563,0.24
Huayuan,2015,-1.3750589169863083,0.27
Huitong,2015,-1.6259683774353861,0.27
Jiahe,2015,-0.7621069178343652,0.42
Jianghua,2015,-1.785439228760275,0.2
Jiangyong,2015,-1.2866938077321324,0.33
Jingzhou,2015,-1.78594822737541,0.14
Jinshi,2015,0.11626349781011482,0.17
Jishou,2015,-2.056411466166367,0.18
Lanshan,2015,-1.0632118440892402,0.46
Leiyang,2015,0.29842213531792006,0.1
Lengshuijiang,2015,0.12414267230730797,0.24
Li,2015,0.2234599463815201,0.23
Lianyuan,2015,0.8680957211895575,0.02
Liling,2015,3.292495310904758,0.02
Linli,2015,0.37493822520563885,0.1
Linwu,2015,0.09849119374007925,0.25
Linxiang,2015,0.5171040798071276,0.12
Liuyang,2015,4.982399781477716,0.01
Longhui,2015,-3.46479328871081,0.02
Longshan,2015,-2.5771275419602224,0.02
Luxi,2015,-1.9606331486078852,0.31
Mayang,2015,-1.696321298479884,0.18
Miluo,2015,5.0901770416214,0.01
Nan,2015,-0.2694148620452413,0.18
Ningxiang,2015,3.3200471681525245,0.01
Ningyuan,2015,-1.7349388521135332,0.38
Pingjiang,2015,4.925657481052996,0.01
Qidong,2015,-1.464028071443102,0.45
Qiyang,2015,-1.3709331273616918,0.47
Rucheng,2015,0.3880457035131128,0.18
Sangzhi,2015,-1.8961063757635912,0.27
Shaodong,2015,-2.0950136708708462,0.14
Shaoshan,2015,3.50771347583869,0.01
Shaoyang,2015,-2.9364858976855497,0.02
Shimen,2015,-0.6637669510875169,0.35
Shuangfeng,2015,-0.4181072904275342,0.29
Shuangpai,2015,-1.4161441943767177,0.35
Suining,2015,-3.0274158430673923,0.05
Taojiang,2015,2.358392871567825,0.01
Taoyuan,2015,-1.2766316378467064,0.4
Tongdao,2015,-1.9853643625438002,0.19
Wangcheng,2015,6.272431702710933,0.01
Wugang,2015,-3.5089741698950316,0.02
Xiangtan,2015,5.922955372652598,0.01
Xiangxiang,2015,2.3514104980666284,0.01
Xiangyin,2015,2.582752744769415,0.01
Xinhua,2015,-1.3281157037176234,0.49
Xinhuang,2015,-1.0070209870130244,0.35
Xinning,2015,-2.68555513182319,0.02
Xinshao,2015,-1.0432157867669158,0.42
Xintian,2015,-0.6163227903505312,0.38
Xupu,2015,-2.625862015172959,0.14
Yanling,2015,0.805226473748573,0.1
Yizhang,2015,1.212784872946819,0.03
Yongshun,2015,-2.788803954272602,0.07
Yongxing,2015,1.9393804226399025,0.01
You,2015,0.7247150257163343,0.06
Yuanjiang,2015,-0.10592928126739662,0.19
Yuanling,2015,-2.871791414530355,0.04
Yueyang,2015,0.9260319105488924,0.06
Zhijiang,2015,-1.6576494814911993,0.33
Zhongfang,2015,-1.6556141227023216,0.21
Zhuzhou,2015,5.26973964039772,0.01
Zixing,2015,0.6227719644037135,0.07
Anhua,2016,-0.6336205276479822,0.17
Anren,2016,1.5897680100551668,0.01
Anxiang,2016,-0.09669122675489454,0.14
Baojing,2016,-2.5537382358545515,0.18
Chaling,2016,-0.33264058978955335,0.22
Changning,2016,-0.30015488567047205,0.13
Changsha,2016,6.264986085604945,0.01
Chengbu,2016,-2.8279289820404987,0.06
Chenxi,2016,-1.8438843819412085,0.4
Cili,2016,-0.7812506357077686,0.42
Dao,2016,-1.857801682745112,0.34
Dongan,2016,-1.9959504271676851,0.32
Dongkou,2016,-2.8257271079916597,0.08
Fenghuang,2016,-1.7469956809916773,0.41
Guidong,2016,0.33880097352589666,0.11
Guiyang,2016,1.5299092466180286,0.01
Guzhang,2016,-2.1855686187959265,0.31
Hanshou,2016,-0.7536028605408154,0.25
Hengdong,2016,0.3478969723874753,0.04
Hengnan,2016,-0.8363400360591559,0.21
Hengshan,2016,-0.35896213341847916,0.11
Hengyang,2016,-0.9032823610574012,0.3
Hongjiang,2016,-2.070745787941824,0.36
Huarong,2016,0.07416144731663361,0.11
Huayuan,2016,-1.4843768272900832,0.45
Huitong,2016,-1.6814471647058413,0.44
Jiahe,2016,-0.7105926579898579,0.23
Jianghua,2016,-1.8003850092282576,0.3
Jiangyong,2016,-1.2927038860501738,0.45
Jingzhou,2016,-1.8398068105095087,0.27
Jinshi,2016,0.20558784050690768,0.09
Jishou,2016,-2.221115538024338,0.25
Lanshan,2016,-1.0110870560613343,0.37
Leiyang,2016,0.32607594669389645,0.06
Lengshuijiang,2016,0.008940144622903606,0.14
Li,2016,0.3125825231636847,0.1
Lianyuan,2016,0.7772821948861557,0.02
Liling,2016,3.309865159160519,0.01
Linli,2016,0.4822710903942268,0.07
Linwu,2016,0.1647743222451288,0.14
Linxiang,2016,0.5003298345255281,0.12
Liuyang,2016,5.15132214910004,0.01
Longhui,2016,-3.535065981756735,0.04
Longshan,2016,-2.6326209417827062,0.07
Luxi,2016,-2.1033210479040765,0.29
Mayang,2016,-1.7894437970931985,0.46
Miluo,2016,5.193035691825589,0.01
Nan,2016,-0.29722170856658675,0.12
Ningxiang,2016,3.329948355114819,0.01
Ningyuan,2016,-1.7961152058142,0.43
Pingjiang,2016,5.082687544476829,0.01
Qidong,2016,-1.4743871822872847,0.48
Qiyang,2016,-1.4115245813763664,0.31
Rucheng,2016,0.36275182693622554,0.17
Sangzhi,2016,-1.9436313127746925,0.43
Shaodong,2016,-2.145067723022163,0.29
Shaoshan,2016,3.545404597357259,0.01
Shaoyang,2016,-2.9978942481933815,0.14
Shimen,2016,-0.6144261832085374,0.15
Shuangfeng,2016,-0.38645890858648624,0.12
Shuangpai,2016,-1.4461678911596654,0.38
Suining,2016,-3.1057040531488664,0.11
Taojiang,2016,2.3290858542049104,0.02
Taoyuan,2016,-1.284258982379751,0.26
Tongdao,2016,-2.0484824536649344,0.16
Wangcheng,2016,6.390721501266894,0.01
Wugang,2016,-3.5790218298685623,0.02
Xiangtan,2016,6.104163473718856,0.01
Xiangxiang,2016,2.3590429294467237,0.02
Xiangyin,2016,2.54078743498388,0.01
Xinhua,2016,-1.440917261889895,0.42
Xinhuang,2016,-1.0354493975229377,0.5
Xinning,2016,-2.7425832090704043,0.08
Xinshao,2016,-1.1602987359758552,0.4
Xintian,2016,-0.65089425576466,0.21
Xupu,2016,-2.742959531024902,0.21
Yanling,2016,0.8007008096152103,0.04
Yizhang,2016,1.292631596463731,0.01
Yongshun,2016,-2.9041557985092643,0.03
Yongxing,2016,1.9540991611028242,0.02
You,2016,0.7172204894681964,0.03
Yuanjiang,2016,-0.15439967370780464,0.08
Yuanling,2016,-3.00768545783273,0.13
Yueyang,2016,0.8460439688892192,0.02
Zhijiang,2016,-1.7111435378373583,0.48
Zhongfang,2016,-1.7137835137736317,0.37
Zhuzhou,2016,5.446587908378184,0.01
Zixing,2016,0.6128517797698645,0.02
Anhua,2017,-0.5677717339241981,0.12
Anren,2017,1.7968947255289198,0.01
Anxiang,2017,0.23017353474682672,0.05
Baojing,2017,-2.52559420459482,0.23
Chaling,2017,-0.259008976300889,0.2
Changning,2017,-0.17169350012992954,0.05
Changsha,2017,6.639445847162981,0.01
Chengbu,2017,-2.8136858116802403,0.08
Chenxi,2017,-1.9005870378931093,0.42
Cili,2017,-0.5830534538017956,0.19
Dao,2017,-1.7223359297673082,0.46
Dongan,2017,-1.9489906452570862,0.41
Dongkou,2017,-2.7900542780246163,0.17
Fenghuang,2017,-1.6935380188785443,0.48
Guidong,2017,0.4302924928021705,0.05
Guiyang,2017,1.8704318025857771,0.01
Guzhang,2017,-2.245575182656672,0.37
Hanshou,2017,-0.45690122113955123,0.16
Hengdong,2017,0.6296904862595927,0.04
Hengnan,2017,-0.6206520814880354,0.1
Hengshan,2017,-0.12379716945151681,0.12
Hengyang,2017,-0.7053794510371248,0.24
Hongjiang,2017,-2.031196942837971,0.44
Huarong,2017,0.17131598715645183,0.1
Huayuan,2017,-1.411754620419058,0.46
Huitong,2017,-1.6490831385434153,0.5
Jiahe,2017,-0.44178843599248013,0.11
Jianghua,2017,-1.6505836612686715,0.4
Jiangyong,2017,-1.184970073462857,0.47
Jingzhou,2017,-1.7787518075009225,0.29
Jinshi,2017,0.5034849164156793,0.06
Jishou,2017,-2.187979039034314,0.35
Lanshan,2017,-0.7595459847799008,0.27
Leiyang,2017,0.4798619985310775,0.05
Lengshuijiang,2017,-0.13918647793344124,0.09
Li,2017,0.6086882319308968,0.05
Lianyuan,2017,0.8105767902879031,0.01
Liling,2017,3.6179290280615284,0.01
Linli,2017,0.7846737810516546,0.03
Linwu,2017,0.4557864819067636,0.06
Linxiang,2017,0.5346865785819583,0.09
Liuyang,2017,5.547272283835465,0.01
Longhui,2017,-3.5473527823053828,0.06
Longshan,2017,-2.599320906780302,0.1
Luxi,2017,-2.1330157425773684,0.48
Mayang,2017,-1.796860714504097,0.47
Miluo,2017,5.334674445258691,0.01
Nan,2017,-0.02696541404834783,0.09
Ningxiang,2017,3.6547988497287216,0.01
Ningyuan,2017,-1.6421532294163586,0.3
Pingjiang,2017,5.385731160544702,0.01
Qidong,2017,-1.309456023847273,0.23
Qiyang,2017,-1.2604419281100372,0.18
Rucheng,2017,0.4937092319185826,0.03
Sangzhi,2017,-1.8453270000948934,0.4
Shaodong,2017,-2.0362339617349217,0.45
Shaoshan,2017,3.8178507164422384,0.01
Shaoyang,2017,-2.9342296463063446,0.12
Shimen,2017,-0.3757540157917181,0.09
Shuangfeng,2017,-0.11311855895881509,0.1
Shuangpai,2017,-1.3284594944767099,0.43
Suining,2017,-3.0471366714231887,0.16
Taojiang,2017,2.530156080490744,0.01
Taoyuan,2017,-0.9314239199703956,0.13
Tongdao,2017,-2.015050274467142,0.27
Wangcheng,2017,6.569138006371607,0.01
Wugang,2017,-3.573182299573295,0.03
Xiangtan,2017,6.5751714990971575,0.01
Xiangxiang,2017,2.6027473603237636,0.01
Xiangyin,2017,2.642906267960185,0.01
Xinhua,2017,-1.5239046976367592,0.32
Xinhuang,2017,-1.1395278140103589,0.45
Xinning,2017,-2.7499818014352533,0.15
Xinshao,2017,-1.2165676360105675,0.32
Xintian,2017,-0.5445923151880829,0.2
Xupu,2017,-2.7318343750569714,0.3
Yanling,2017,0.9277915107228708,0.01
Yizhang,2017,1.6055506525382726,0.01
Yongshun,2017,-2.9412003516872804,0.1
Yongxing,2017,2.1160606475683736,0.01
You,2017,0.9226612628363332,0.04
Yuanjiang,2017,4.617796523500603e-4,0.12
Yuanling,2017,-3.004458719951599,0.2
Yueyang,2017,0.9160811251426833,0.04
Zhijiang,2017,-1.6886629455527749,0.5
Zhongfang,2017,-1.6994701070842515,0.49
Zhuzhou,2017,5.914009914119172,0.01
Zixing,2017,0.8063440523702503,0.02
Anhua,2018,-0.7811863272765968,0.05
Anren,2018,1.5660264699008069,0.01
Anxiang,2018,0.350607883225867,0.02
Baojing,2018,-2.68636372524139,0.32
Chaling,2018,-0.44120927889168304,0.08
Changning,2018,-0.291745893790939,0.04
Changsha,2018,6.605849134505241,0.01
Chengbu,2018,-2.9655508382164757,0.08
Chenxi,2018,-2.1796690160508967,0.5
Cili,2018,-0.5315722553899666,0.1
Dao,2018,-1.6954888903822154,0.45
Dongan,2018,-2.0452612529569785,0.46
Dongkou,2018,-2.931781705845842,0.17
Fenghuang,2018,-1.831483814864252,0.46
Guidong,2018,0.3228070398017789,0.06
Guiyang,2018,1.78409571568255,0.01
Guzhang,2018,-2.4881999863550117,0.41
Hanshou,2018,-0.3536577377274678,0.07
Hengdong,2018,0.5643743083927812,0.02
Hengnan,2018,-0.7154090186646371,0.04
Hengshan,2018,-0.08215826834666697,0.04
Hengyang,2018,-0.6846623333710826,0.1
Hongjiang,2018,-2.2171382446828676,0.45
Huarong,2018,0.16920341450140833,0.08
Huayuan,2018,-1.5111551866927766,0.4
Huitong,2018,-1.7629960830220204,0.46
Jiahe,2018,-0.4569872563891,0.09
Jianghua,2018,-1.6139765587986576,0.35
Jiangyong,2018,-1.1698860615262032,0.36
Jingzhou,2018,-1.8515668082738153,0.47
Jinshi,2018,0.63677924026278,0.03
Jishou,2018,-2.3549804173569338,0.47
Lanshan,2018,-0.7518709673195267,0.17
Leiyang,2018,0.3471599143655035,0.01
Lengshuijiang,2018,-0.4405278543041185,0.07
Li,2018,0.7401995037914675,0.03
Lianyuan,2018,0.6153197415324693,0.01
Liling,2018,3.4816752938062288,0.01
Linli,2018,0.9247994693756183,0.02
Linwu,2018,0.44128431156075637,0.04
Linxiang,2018,0.5661652539703231,0.09
Liuyang,2018,5.482579749346845,0.01
Longhui,2018,-3.735037479244159,0.05
Longshan,2018,-2.705226537593837,0.15
Luxi,2018,-2.3923830916914053,0.5
Mayang,2018,-2.0250148598262454,0.47
Miluo,2018,5.182518661677834,0.01
Nan,2018,0.06325277049442521,0.02
Ningxiang,2018,3.7534610382504683,0.01
Ningyuan,2018,-1.6270881501045458,0.22
Pingjiang,2018,5.360171783880255,0.01
Qidong,2018,-1.3298641909360114,0.12
Qiyang,2018,-1.3044470897454818,0.18
Rucheng,2018,0.4048375491783213,0.03
Sangzhi,2018,-1.9650637068709058,0.38
Shaodong,2018,-2.0895074597353824,0.42
Shaoshan,2018,3.9656307301967275,0.01
Shaoyang,2018,-3.0398510915684738,0.35
Shimen,2018,-0.3116523536118123,0.07
Shuangfeng,2018,0.06800087468943446,0.02
Shuangpai,2018,-1.287482973301234,0.33
Suining,2018,-3.184725417799651,0.18
Taojiang,2018,2.4232692164621747,0.01
Taoyuan,2018,-0.8995507058570235,0.06
Tongdao,2018,-2.114591910773886,0.33
Wangcheng,2018,6.382899122881605,0.01
Wugang,2018,-3.757932770967772,0.03
Xiangtan,2018,6.623304472215084,0.01
Xiangxiang,2018,2.695027946589606,0.01
Xiangyin,2018,2.5609639516491125,0.01
Xinhua,2018,-1.8013037513552446,0.4
Xinhuang,2018,-1.3322978852690281,0.39
Xinning,2018,-2.8923890931626763,0.1
Xinshao,2018,-1.4273198506759184,0.24
Xintian,2018,-0.5989153768682411,0.12
Xupu,2018,-2.968223990389894,0.42
Yanling,2018,0.7883855402440332,0.03
Yizhang,2018,1.5526071926748708,0.01
Yongshun,2018,-3.183732680080458,0.12
Yongxing,2018,1.9683462402135674,0.01
You,2018,0.7270107816366438,0.03
Yuanjiang,2018,-0.030462940935052068,0.04
Yuanling,2018,-3.2282515594132333,0.33
Yueyang,2018,0.8641083601362839,0.01
Zhijiang,2018,-1.8691563765449832,0.39
Zhongfang,2018,-1.8879419145251797,0.43
Zhuzhou,2018,5.835309572287986,0.01
Zixing,2018,0.6724870610892326,0.01
Anhua,2019,-0.906442207812874,0.03
Anren,2019,1.3077567552362694,0.01
Anxiang,2019,0.5395400654101604,0.01
Baojing,2019,-2.5476073852232384,0.46
Chaling,2019,-0.3098310925491703,0.07
Changning,2019,-0.43990567824317345,0.03
Changsha,2019,6.8592044462071335,0.01
Chengbu,2019,-2.9429661890569982,0.18
Chenxi,2019,-2.244301364279797,0.49
Cili,2019,-0.48393417173990644,0.09
Dao,2019,-1.478695857449322,0.3
Dongan,2019,-2.0243388791172343,0.4
Dongkou,2019,-2.9705678480102535,0.24
Fenghuang,2019,-1.7798944906653844,0.37
Guidong,2019,0.29210958068265813,0.02
Guiyang,2019,1.3106159307298053,0.01
Guzhang,2019,-2.3515669193753617,0.49
Hanshou,2019,-0.4107978947947893,0.04
Hengdong,2019,0.5245040694794406,0.01
Hengnan,2019,-0.9002122021618637,0.06
Hengshan,2019,-0.08225990633547905,0.03
Hengyang,2019,-0.4433391639355217,0.08
Hongjiang,2019,-2.291174168314735,0.38
Huarong,2019,0.2544320439244869,0.05
Huayuan,2019,-1.4286237310713978,0.29
Huitong,2019,-1.8424968916739441,0.39
Jiahe,2019,-0.5504127415053317,0.05
Jianghua,2019,-1.437398839074346,0.24
Jiangyong,2019,-1.0801006694962112,0.35
Jingzhou,2019,-1.8621331224297362,0.49
Jinshi,2019,0.9227009497238577,0.01
Jishou,2019,-2.2534974113210424,0.41
Lanshan,2019,-0.8121585288658459,0.1
Leiyang,2019,0.09495840341645413,0.04
Lengshuijiang,2019,-0.6516027873396285,0.11
Li,2019,1.0139148104568667,0.01
Lianyuan,2019,0.6475860018811985,0.01
Liling,2019,3.482265033664199,0.01
Linli,2019,1.2354023028994519,0.02
Linwu,2019,0.1442949827870881,0.02
Linxiang,2019,0.8324391142189177,0.03
Liuyang,2019,5.560822542944742,0.01
Longhui,2019,-3.6954844549749266,0.15
Longshan,2019,-2.6443448317226235,0.24
Luxi,2019,-2.374297280209643,0.28
Mayang,2019,-2.09991727813732,0.28
Miluo,2019,5.49947155560674,0.01
Nan,2019,0.10136573992729864,0.01
Ningxiang,2019,3.784135368362696,0.01
Ningyuan,2019,-1.5007443467054769,0.09
Pingjiang,2019,5.542495103222134,0.01
Qidong,2019,-1.0714358172411096,0.06
Qiyang,2019,-1.2095692821599298,0.11
Rucheng,2019,0.229339844995151,0.05
Sangzhi,2019,-1.9162742595046804,0.13
Shaodong,2019,-1.8321100042252327,0.27
Shaoshan,2019,3.914732377307269,0.01
Shaoyang,2019,-2.7826259767503503,0.45
Shimen,2019,-0.19018120488979925,0.04
Shuangfeng,2019,0.4431966023593699,0.02
Shuangpai,2019,-1.0253898894253326,0.23
Suining,2019,-3.201681992342188,0.42
Taojiang,2019,2.306190589183965,0.01
Taoyuan,2019,-0.7953219550478554,0.02
Tongdao,2019,-2.1137790356972745,0.45
Wangcheng,2019,6.493155331335,0.01
Wugang,2019,-3.747621819185008,0.11
Xiangtan,2019,6.63293131161546,0.01
Xiangxiang,2019,2.6563623226516797,0.01
Xiangyin,2019,2.6752489206418004,0.01
Xinhua,2019,-1.948012499231134,0.28
Xinhuang,2019,-1.265371290459938,0.43
Xinning,2019,-2.8675774971406436,0.25
Xinshao,2019,-1.284861842951619,0.1
Xintian,2019,-0.5752256180120845,0.07
Xupu,2019,-3.0463879309754947,0.5
Yanling,2019,0.6753278994636952,0.02
Yizhang,2019,1.2355163009098482,0.01
Yongshun,2019,-3.1373473797993126,0.2
Yongxing,2019,1.6277726242718458,0.01
You,2019,0.7785752732705676,0.01
Yuanjiang,2019,-0.14967475584976966,0.03
Yuanling,2019,-3.190284081673982,0.43
Yueyang,2019,1.0151585746140712,0.01
Zhijiang,2019,-1.8631198757193221,0.33
Zhongfang,2019,-1.9752689939419328,0.3
Zhuzhou,2019,5.881568657785536,0.01
Zixing,2019,0.4690503641428897,0.01
Anhua,2020,-1.454216445289717,0.02
Anren,2020,1.0336816755871285,0.01
Anxiang,2020,0.8177315238019536,0.01
Baojing,2020,-2.9772532226250745,0.37
Chaling,2020,-0.0951314277381657,0.02
Changning,2020,-0.9504213113070407,0.02
Changsha,2020,6.79663640300357,0.01
Chengbu,2020,-3.3071111788264433,0.44
Chenxi,2020,-2.631960511608111,0.2
Cili,2020,-0.8228939149197272,0.06
Dao,2020,-1.7134047594915065,0.13
Dongan,2020,-2.3838282919693645,0.25
Dongkou,2020,-3.420418240474539,0.5
Fenghuang,2020,-2.2385759195999237,0.2
Guidong,2020,0.30553878067755275,0.02
Guiyang,2020,0.26155226583840024,0.01
Guzhang,2020,-2.6697974735032344,0.26
Hanshou,2020,-0.5108484289180346,0.02
Hengdong,2020,0.4692396839760205,0.01
Hengnan,2020,-1.3897626248488995,0.02
Hengshan,2020,-0.2743208547151563,0.01
Hengyang,2020,-0.5513764472656748,0.03
Hongjiang,2020,-2.723268859194068,0.17
Huarong,2020,0.643565306112016,0.05
Huayuan,2020,-1.8129335146998744,0.21
Huitong,2020,-2.229260827300119,0.22
Jiahe,2020,-1.218016424081466,0.05
Jianghua,2020,-1.8876740050450176,0.21
Jiangyong,2020,-1.497000059938647,0.19
Jingzhou,2020,-2.1934773319330727,0.22
Jinshi,2020,1.28382569771556,0.01
Jishou,2020,-2.6318062715830166,0.19
Lanshan,2020,-1.4217481674385017,0.06
Leiyang,2020,-0.5632661012110907,0.03
Lengshuijiang,2020,-1.1873462902355265,0.12
Li,2020,1.3672123370599474,0.01
Lianyuan,2020,0.21120042695511404,0.01
Liling,2020,3.8227135159965036,0.01
Linli,2020,1.506961081576671,0.01
Linwu,2020,-0.6067479640072249,0.01
Linxiang,2020,1.3272225705032386,0.01
Liuyang,2020,5.595252986309367,0.01
Longhui,2020,-4.283481564447404,0.29
Longshan,2020,-3.070280514551305,0.45
Luxi,2020,-2.912493294963608,0.22
Mayang,2020,-2.5624033591344317,0.24
Miluo,2020,5.5275688132681235,0.01
Nan,2020,0.30654347395805914,0.01
Ningxiang,2020,3.4351266012875956,0.01
Ningyuan,2020,-2.045873018112883,0.06
Pingjiang,2020,5.671880007929596,0.01
Qidong,2020,-1.366788374494454,0.06
Qiyang,2020,-1.5388156131856976,0.03
Rucheng,2020,-0.05672831413325182,0.02
Sangzhi,2020,-2.4285748326833376,0.21
Shaodong,2020,-2.0500825066698303,0.11
Shaoshan,2020,3.8805224277075503,0.01
Shaoyang,2020,-3.1563954727151367,0.22
Shimen,2020,-0.4591093277546642,0.01
Shuangfeng,2020,0.3906177824620094,0.01
Shuangpai,2020,-1.1245216314094937,0.1
Suining,2020,-3.677073651919143,0.38
Taojiang,2020,1.8941959212631327,0.01
Taoyuan,2020,-0.901524911450587,0.01
Tongdao,2020,-2.4181368483910552,0.38
Wangcheng,2020,6.3710443435791255,0.01
Wugang,2020,-4.222458326411126,0.35
Xiangtan,2020,6.343762402872569,0.01
Xiangxiang,2020,2.530591363615653,0.01
Xiangyin,2020,2.7080417506128023,0.01
Xinhua,2020,-2.663467130420562,0.18
Xinhuang,2020,-1.4489420689177954,0.32
Xinning,2020,-3.2744943424771362,0.47
Xinshao,2020,-1.803229863177903,0.06
Xintian,2020,-1.1140523963516809,0.05
Xupu,2020,-3.7012983341611987,0.33
Yanling,2020,0.5683943792505471,0.01
Yizhang,2020,0.7047930790170394,0.01
Yongshun,2020,-3.5724649129253874,0.44
Yongxing,2020,1.1647344720117656,0.01
You,2020,0.9930651824473723,0.01
Yuanjiang,2020,-0.15575644828105945,0.01
Yuanling,2020,-3.764142116383218,0.21
Yueyang,2020,1.3767362996164894,0.01
Zhijiang,2020,-2.202751879059594,0.08
Zhongfang,2020,-2.4521283980159363,0.2
Zhuzhou,2020,6.028025353522261,0.01
Zixing,2020,0.05039141387497111,0.01
Anhua,2021,-1.3953277894503702,0.02
Anren,2021,1.323494505310874,0.01
Anxiang,2021,1.3044595368616958,0.01
Baojing,2021,-2.9872964994087936,0.22
Chaling,2021,0.23312754100920582,0.01
Changning,2021,-0.8386023452284386,0.02
Changsha,2021,6.106334427407587,0.01
Chengbu,2021,-3.0986938203517247,0.36
Chenxi,2021,-2.412899131603332,0.11
Cili,2021,-0.8434465856583532,0.05
Dao,2021,-1.6394809599394455,0.07
Dongan,2021,-2.189162447908943,0.1
Dongkou,2021,-3.1878607620730492,0.3
Fenghuang,2021,-2.2914357470622404,0.14
Guidong,2021,0.6502266189721915,0.01
Guiyang,2021,0.1418473499187598,0.01
Guzhang,2021,-2.599628089928984,0.1
Hanshou,2021,-0.05908812271661869,0.01
Hengdong,2021,0.7559416262838465,0.01
Hengnan,2021,-1.1309693794645568,0.03
Hengshan,2021,-0.02281785395884694,0.01
Hengyang,2021,-0.41704395689473667,0.02
Hongjiang,2021,-2.507489735742938,0.06
Huarong,2021,1.1975616086932177,0.01
Huayuan,2021,-1.9021464375838253,0.12
Huitong,2021,-2.0256205853283085,0.09
Jiahe,2021,-1.3503147365823678,0.02
Jianghua,2021,-1.9625962249544426,0.08
Jiangyong,2021,-1.5928449670339224,0.17
Jingzhou,2021,-2.0472935571833735,0.22
Jinshi,2021,1.65213875869487,0.01
Jishou,2021,-2.613568368608142,0.14
Lanshan,2021,-1.4823995423992438,0.05
Leiyang,2021,-0.5632461526538352,0.01
Lengshuijiang,2021,-1.1494571842071053,0.05
Li,2021,1.7494949499836627,0.01
Lianyuan,2021,0.1714256674062285,0.01
Liling,2021,3.9142907212054423,0.01
Linli,2021,1.772628751552312,0.01
Linwu,2021,-0.6581509071755359,0.02
Linxiang,2021,1.5941881032643004,0.01
Liuyang,2021,5.123627654176938,0.01
Longhui,2021,-4.13178166335779,0.5
Longshan,2021,-3.04234317589676,0.49
Luxi,2021,-2.855885781763298,0.09
Mayang,2021,-2.420185501241543,0.07
Miluo,2021,4.989138634217779,0.01
Nan,2021,0.9606714150948594,0.01
Ningxiang,2021,3.23149409387013,0.01
Ningyuan,2021,-2.109771663541134,0.01
Pingjiang,2021,5.228917090472823,0.01
Qidong,2021,-1.2373543880523572,0.02
Qiyang,2021,-1.3828459387278238,0.01
Rucheng,2021,0.11541144612516337,0.01
Sangzhi,2021,-2.4046506572226587,0.04
Shaodong,2021,-1.8828144732529537,0.04
Shaoshan,2021,3.8907602674498594,0.01
Shaoyang,2021,-3.0062381654924213,0.08
Shimen,2021,-0.40398412925372873,0.01
Shuangfeng,2021,0.5067719792916421,0.01
Shuangpai,2021,-1.0114518781695023,0.02
Suining,2021,-3.4012868216499754,0.15
Taojiang,2021,1.845700426742536,0.01
Taoyuan,2021,-0.4175527317939089,0.01
Tongdao,2021,-2.25779970183382,0.24
Wangcheng,2021,5.7926708346073,0.01
Wugang,2021,-3.9506367081457032,0.38
Xiangtan,2021,5.851426903771462,0.01
Xiangxiang,2021,2.6163049152545534,0.01
Xiangyin,2021,2.7921345825847066,0.01
Xinhua,2021,-2.6126538618782362,0.08
Xinhuang,2021,-1.3329823788361992,0.25
Xinning,2021,-3.0754195097930714,0.31
Xinshao,2021,-1.8598355552067913,0.03
Xintian,2021,-1.2973001516378317,0.01
Xupu,2021,-3.52110718212525,0.09
Yanling,2021,0.9264137316901442,0.01
Yizhang,2021,0.7634010204872056,0.01
Yongshun,2021,-3.4466175438872764,0.31
Yongxing,2021,1.296150353723488,0.01
You,2021,1.32489789716718,0.01
Yuanjiang,2021,0.401849500460864,0.01
Yuanling,2021,-3.60165279214237,0.14
Yueyang,2021,1.969039047780852,0.01
Zhijiang,2021,-1.998094005360169,0.08
Zhongfang,2021,-2.2808743545654413,0.07
Zhuzhou,2021,5.723725617275869,0.01
Zixing,2021,0.26545532104612585,0.01
