Estimate,Expectation,Variance,Statistic,Order,Z,P_two_sided,P_BH
0.3007499695020698,-0.011494252873563218,0.004348351468311619,Moran's I,1,4.73513201018216,2.1891256395925426e-6,6.567376918777627e-6
0.20600843534750585,-0.011494252873563218,0.0020962447128946137,Moran's I,2,4.75054721518919,2.0286691874285117e-6,6.567376918777627e-6
0.06682734349388111,-0.011494252873563218,0.0014601915958716623,Moran's I,3,2.049635377245068,0.040400025472517996,0.0484800305670216
0.029947031864082773,-0.011494252873563218,0.0011716607737808677,Moran's I,4,1.2106880771558515,0.22601497361095593,0.22601497361095593
-0.15304706945567054,-0.011494252873563218,0.0012439521145498657,Moran's I,5,-4.013439160607865,5.9840431288503015e-5,1.1968086257700603e-4
-0.1187070197233525,-0.011494252873563218,0.0016791029816927924,Moran's I,6,-2.6164222735670672,0.008885659207456193,0.01332848881118429
0.6907223183973167,1,0.0073363996720856115,Geary's C,1,-3.610830396523817,3.052182136484651e-4,0.001518307745093692
0.7630197158924515,1,0.004912622113844327,Geary's C,2,-3.381080697673745,7.220133502203194e-4,0.001518307745093692
0.9397298711415469,1,0.004900500308794452,Geary's C,3,-0.8609578884055938,0.3892612369664454,0.46711348435973443
1.0098462098244128,1,0.003963050062367157,Geary's C,4,0.1564063233530033,0.8757127532020458,0.8757127532020458
1.2008204265239821,1,0.0035567964520336406,Geary's C,5,3.3672733957935614,7.59153872546846e-4,0.001518307745093692
1.0773385567503322,1,0.005804210503866848,Geary's C,6,1.0151365991182901,0.31004071755918944,0.46506107633878413
